sid,name,market,產業,2013Q1,2013Q2,2013Q3,2013Q4,2014Q1,2014Q2,2014Q3,2014Q4,2015Q1,2015Q2,2015Q3,2015Q4,2016Q1,2016Q2,2016Q3,2016Q4,2017Q1,2017Q2,2017Q3,2017Q4,2018Q1,2018Q2,2018Q3,2018Q4,2019Q1,2019Q2,2019Q3,2019Q4,2020Q1,2020Q2,2020Q3,2020Q4,2021Q1,2021Q2,2021Q3,2021Q4,2022Q1,2022Q2,2022Q3,2022Q4,2023Q1
1516,川飛,上市,其他,0.56,0.08,1.09,0.55,0.66,1.1,2.71,6.78,23.22,-0.79,-0.48,-2.66,4.33,0.9,0.22,0.77,0.86,1.87,0.42,1.02,0.93,1.27,1.37,-0.37,-0.06,1.3,0.77,1.06,1.7,1.86,1.47,1.13,0.85,3.91,1.54,5.91,3.0,0.73,2.8,1.99,1.81
2348,海悅,上市,其他,-2.67,13.37,8.04,12.23,12.32,4.26,1.97,-1.66,1.94,-0.07,2.02,0.04,0.27,0.12,0.14,-0.02,1.07,2.82,2.56,4.35,6.62,4.44,7.3,4.72,2.05,6.06,4.04,5.16,3.37,4.89,5.62,6.68,4.1,2.13,1.91,2.59,1.43,0.82,0.42,1.12,
3557,嘉威,上市,其他,0.3,-1.95,-5.22,-8.13,-3.45,-3.01,-0.42,-18.5,-0.99,-1.71,-0.97,-1.75,-2.22,-2.02,-2.97,-1.64,-4.49,-2.0,-6.0,-18.05,-3.33,-0.71,-0.67,4.92,-1.58,-1.28,1.63,4.38,6.18,2.33,3.37,5.14,5.05,3.19,0.89,3.31,4.74,1.68,2.01,3.04,3.54
5284,jpp-KY,上市,其他,,,,,,2.62,2.64,2.48,2.03,3.05,4.21,2.02,2.32,2.46,2.06,2.55,1.98,3.55,2.71,1.91,1.71,2.3,1.75,0.87,1.45,0.93,0.84,0.06,1.84,0.75,0.38,0.77,1.67,1.06,1.1,0.16,1.62,1.67,2.17,1.86,3.27
5306,桂盟,上市,其他,4.72,5.25,6.03,2.76,4.44,4.49,4.21,2.8,4.85,3.0,3.1,2.11,2.66,2.35,2.88,3.0,2.95,3.07,2.95,2.6,2.9,2.11,2.0,2.36,2.42,2.27,2.69,2.49,2.19,3.84,4.56,4.26,4.68,4.33,4.56,4.59,4.26,4.31,4.84,2.34,
5871,中租-KY,上市,其他,0.83,0.88,0.81,0.89,0.82,0.84,0.91,0.77,0.74,0.72,0.71,0.67,0.63,0.72,0.72,0.66,0.79,0.79,0.92,0.85,0.94,1.06,0.95,0.9,0.9,0.96,0.89,0.88,0.81,0.79,0.86,0.81,0.87,0.92,0.89,0.86,1.02,0.92,0.89,0.75,0.82
6504,南六,上市,其他,1.65,1.96,3.02,2.63,2.17,2.44,2.21,2.52,3.0,3.1,2.54,2.61,2.2,2.62,2.83,3.48,2.45,1.94,2.17,2.42,1.46,2.46,2.36,1.81,1.37,1.06,1.81,1.69,1.5,4.11,4.52,3.93,1.05,0.25,0.18,-0.4,0.11,0.35,0.34,-0.25,0.1
8033,雷虎,上市,其他,-2.97,-1.84,-1.52,7.24,-2.72,-1.4,-3.0,-2.84,-3.76,1.42,-2.03,-6.77,0.04,-2.76,-2.25,-11.59,-2.0,-2.19,-0.88,-2.13,-0.33,1.4,0.09,-3.83,0.52,0.46,-1.38,-3.3,2.93,-0.35,-0.98,0.37,0.03,0.81,1.58,-0.54,-0.25,0.8,0.98,-0.05,
9802,鈺齊-KY,上市,其他,1.01,1.1,1.09,0.61,1.03,1.7,0.96,1.26,1.67,-1.33,0.63,0.29,1.97,2.19,1.26,2.53,3.01,2.67,1.34,1.93,1.06,2.49,2.0,1.73,1.79,2.39,3.19,2.92,2.72,1.3,1.36,1.32,2.18,0.82,2.09,2.28,2.9,4.52,5.62,2.58,2.14
9911,櫻花,上市,其他,1.6,1.55,1.92,3.86,1.81,2.03,2.38,3.16,1.92,1.02,2.54,3.19,2.96,2.7,2.64,3.36,2.79,2.15,3.1,4.69,3.23,2.46,2.98,4.58,3.12,2.27,3.05,5.49,2.4,2.23,3.39,4.82,3.86,2.66,2.91,3.63,3.6,2.32,2.89,2.98,2.51
9914,美利達,上市,其他,4.25,4.28,4.54,3.58,3.89,3.51,4.72,4.46,3.29,2.62,4.77,2.75,2.11,2.0,2.22,2.36,1.46,0.71,1.84,-0.28,0.1,2.49,2.89,2.14,2.14,2.28,3.28,2.29,1.92,4.4,5.01,3.81,3.82,2.83,3.73,4.05,3.25,2.38,2.25,0.77,
9929,秋雨,上市,其他,-6.19,-0.87,-1.46,-0.99,-0.38,-2.9,-3.25,-1.33,-0.5,-1.73,-1.89,-10.37,-8.74,18.78,-0.23,0.38,-0.66,0.01,0.5,0.41,-0.09,0.55,0.4,2.36,-2.57,-0.8,-1.71,-4.3,1.6,29.39,0.62,-3.6,0.13,0.18,0.14,-0.4,-7.54,0.58,0.91,0.22,-0.3
9933,中鼎,上市,其他,1.09,0.95,0.98,0.93,0.94,0.88,1.09,1.35,0.95,1.23,1.1,1.22,1.42,1.13,1.43,0.93,0.88,2.13,1.05,1.14,0.64,0.84,1.13,0.84,0.47,0.58,0.21,1.13,0.41,0.41,0.55,0.54,0.48,0.5,0.75,1.2,1.49,0.72,0.62,0.69,0.66
9940,信義,上市,其他,3.49,5.86,3.69,3.42,1.49,1.87,0.83,2.42,0.48,1.39,0.61,0.67,-0.28,0.98,0.92,2.45,0.3,5.2,4.67,2.16,0.8,0.95,0.69,2.86,1.4,1.31,0.61,0.83,0.13,1.12,1.82,1.97,1.45,1.52,2.18,2.05,1.47,0.99,0.62,0.71,1.56
9945,潤泰新,上市,其他,1.72,2.84,3.11,38.76,1.14,0.54,3.17,2.86,1.87,2.09,4.94,2.06,3.13,0.76,3.06,3.87,0.66,1.39,3.52,6.93,2.47,3.37,3.02,0.67,2.13,3.09,3.18,-0.72,2.13,1.06,2.41,0.39,3.9,2.3,2.45,1.11,2.18,4.3,4.55,-3.53,
2404,漢唐,上市,其他電子業,1.78,2.72,3.19,2.1,1.74,2.71,1.22,0.96,1.61,3.24,3.12,1.35,2.11,2.37,2.67,2.69,1.2,2.43,2.85,1.86,1.41,2.44,4.15,3.81,3.46,3.42,2.65,3.64,3.28,4.27,4.73,3.43,2.86,2.22,2.78,3.44,2.17,3.27,5.82,3.45,
3030,德律,上市,其他電子業,1.61,2.75,6.16,2.11,1.49,3.32,10.81,2.58,4.06,3.48,5.84,0.48,1.59,2.75,1.01,1.27,1.3,2.57,4.02,1.94,3.45,6.01,3.45,3.16,3.61,4.09,3.17,3.13,3.97,5.06,4.26,2.0,4.06,4.36,3.56,3.2,7.09,6.05,5.5,3.52,2.95
6139,亞翔,上市,其他電子業,0.46,0.66,0.15,1.26,0.12,0.72,0.12,0.56,0.01,0.19,0.91,0.22,1.12,1.24,0.46,0.73,0.84,1.12,0.28,0.98,0.62,1.04,0.72,0.68,0.49,0.21,1.46,0.33,-0.22,0.67,0.27,0.02,0.01,0.35,0.1,0.64,0.8,0.8,1.02,0.96,
6192,巨路,上市,其他電子業,2.71,2.49,2.73,2.84,2.92,1.94,2.53,2.95,1.46,1.84,2.14,3.52,1.66,1.99,1.87,2.41,2.29,1.22,1.71,2.55,1.62,3.0,2.99,2.8,2.72,3.03,2.49,1.17,2.14,2.35,2.61,2.53,2.13,3.04,2.37,2.53,2.29,2.24,2.74,2.22,1.72
6196,帆宣,上市,其他電子業,0.16,0.08,0.49,1.4,1.17,0.39,0.83,1.3,0.13,0.68,1.61,1.38,1.14,0.59,0.86,1.35,1.09,0.91,0.92,1.56,1.32,1.3,1.63,0.38,0.78,0.95,0.98,0.8,1.13,1.16,1.1,0.98,0.96,1.8,1.84,1.83,1.2,1.48,2.4,1.46,1.22
6409,旭隼,上市,其他電子業,5.03,4.26,4.54,4.7,4.85,4.66,5.25,5.06,5.17,5.59,6.87,5.16,5.07,5.75,4.57,5.17,4.5,4.78,4.52,5.32,4.02,6.09,7.21,5.9,4.23,6.14,6.25,4.98,3.87,7.34,4.57,3.68,3.42,4.61,5.18,4.85,3.42,7.54,9.04,7.34,4.6
6558,興能高,上市,其他電子業,,,,,,,,,,1.19,,7.55,,2.3,,8.5,,5.39,,6.29,,2.94,3.67,3.05,1.72,3.34,2.49,0.62,-1.47,0.94,1.6,1.47,0.93,-0.03,-0.13,-0.64,0.14,-1.63,0.03,-0.83,-2.01
2302,麗正,上市,半導體業,-0.79,0.86,-0.83,1.97,-0.92,-0.31,0.5,6.49,-0.75,0.0,0.86,0.14,0.43,0.47,-0.12,-0.11,-0.82,-0.37,-0.23,-0.23,-0.65,0.81,0.86,0.34,-0.17,0.71,0.14,-0.67,-0.81,0.08,1.71,3.86,0.23,1.2,1.53,1.01,1.64,2.63,2.59,1.32,
2303,聯電,上市,半導體業,2.13,0.58,1.12,0.2,0.37,1.1,0.85,1.45,1.23,1.39,0.4,0.92,0.02,0.44,0.47,0.12,0.39,0.39,0.64,0.31,0.78,0.63,0.05,-0.81,0.03,0.25,0.52,0.85,0.34,1.66,2.45,2.92,2.56,2.91,4.08,3.58,4.24,4.37,5.37,3.63,3.03
2330,台積電,上市,半導體業,3.72,4.64,4.42,3.67,3.74,4.51,5.66,5.62,5.18,5.02,4.73,4.51,3.83,4.11,5.49,5.56,4.59,3.38,4.7,5.18,4.44,3.52,4.43,4.93,2.87,3.02,4.62,5.28,5.08,5.05,5.4,5.29,4.92,4.47,4.87,4.71,5.26,5.69,6.25,6.16,
2338,光罩,上市,半導體業,-0.05,0.45,0.36,0.7,0.6,0.31,0.13,0.26,0.04,-3.81,0.66,-0.02,-1.48,-0.62,-1.69,-2.67,-0.76,0.22,-0.35,-1.67,2.51,5.52,-2.15,-1.14,1.21,2.38,1.98,0.84,-4.5,1.18,3.22,5.64,2.87,-0.99,4.03,1.1,-1.94,-2.3,3.08,3.38,
2344,華邦電,上市,半導體業,-0.61,0.75,0.25,0.13,0.69,1.32,1.59,1.7,1.6,1.35,1.15,1.33,1.28,1.18,1.12,1.31,1.06,1.53,2.87,2.24,1.83,2.49,3.05,0.97,0.44,0.53,0.65,-0.14,-0.08,0.83,0.34,0.31,1.35,2.83,3.42,3.22,3.21,3.35,1.75,0.49,-0.37
2351,順德,上市,半導體業,1.02,1.58,1.79,1.27,1.47,1.76,2.46,2.12,1.49,1.32,2.07,1.2,1.7,2.0,2.19,2.29,1.7,1.96,2.18,1.65,1.56,2.42,2.19,1.9,1.44,1.53,1.31,0.69,0.59,0.8,1.05,1.39,1.76,2.02,2.15,1.82,2.01,2.18,2.01,1.29,1.8
2379,瑞昱,上市,半導體業,2.59,2.53,2.47,2.06,2.33,2.73,3.75,1.33,1.71,0.8,1.3,1.55,1.26,2.08,1.45,1.26,0.98,1.84,2.18,1.52,1.63,1.84,2.37,1.83,2.28,2.77,2.65,2.22,2.18,2.57,3.08,3.29,3.79,4.84,4.96,4.53,4.95,4.1,3.31,1.72,
2388,威盛,上市,半導體業,-14.36,2.33,-1.52,-0.88,-4.08,-0.76,-3.99,-7.63,-4.17,-1.04,19.5,-4.42,0.65,0.61,0.31,0.21,0.15,0.13,0.17,-0.04,0.4,0.25,0.18,0.11,0.18,0.24,0.33,0.25,0.34,-0.84,-0.11,35.72,9.5,-2.17,-1.31,16.13,-0.03,-0.22,1.11,0.07,-0.31
2436,偉詮電,上市,半導體業,1.37,0.37,1.34,0.93,1.71,1.09,2.52,0.78,0.49,1.04,1.71,0.34,0.52,0.81,1.93,0.75,0.11,1.27,2.72,1.33,1.02,3.23,1.23,-1.68,2.94,1.19,2.35,2.11,-3.49,4.0,3.58,3.89,4.26,4.32,3.58,3.59,2.5,0.63,-0.5,-0.44,0.44
2449,京元電子,上市,半導體業,0.99,1.55,1.37,1.03,1.15,2.04,2.11,1.34,1.52,1.71,1.35,1.15,1.47,1.96,1.98,1.49,1.31,1.41,1.57,1.04,0.83,0.87,1.49,0.93,0.8,1.22,1.99,1.86,1.6,1.9,1.64,1.14,1.82,1.28,2.19,2.36,2.54,2.8,2.05,2.05,1.65
2454,聯發科,上市,半導體業,1.7,2.94,3.54,3.47,3.64,4.03,4.04,3.03,2.03,1.73,2.21,1.2,1.26,1.8,2.1,1.39,1.74,0.56,1.27,2.58,0.66,1.75,1.59,0.91,0.83,1.49,1.52,1.4,1.25,1.54,2.75,2.92,4.6,4.53,4.58,4.75,4.88,4.95,4.54,2.97,
2458,義隆,上市,半導體業,3.85,4.58,2.75,3.66,3.01,4.21,3.6,3.05,2.18,1.41,2.21,1.71,0.97,1.31,2.39,1.49,1.36,2.94,3.96,2.37,2.54,3.42,4.31,4.23,3.81,3.97,6.25,8.94,0.39,7.26,8.01,8.59,7.17,7.73,7.81,7.85,4.39,4.1,2.96,0.08,1.8
2481,強茂,上市,半導體業,-0.94,-0.74,-0.26,-1.38,0.04,0.18,0.31,-0.56,-0.02,0.24,0.66,0.77,1.08,0.75,0.89,0.82,1.05,1.38,1.72,-4.92,1.04,1.21,1.01,0.88,0.82,0.75,0.61,1.01,0.62,1.88,1.73,1.25,1.55,2.7,2.92,1.99,2.21,1.86,1.45,0.51,
3014,聯陽,上市,半導體業,0.66,0.86,1.84,1.21,2.2,2.43,2.69,0.71,2.08,0.77,2.5,2.02,1.61,1.84,2.84,1.49,1.85,1.89,2.6,1.64,2.18,2.32,3.7,1.58,1.62,2.78,3.49,2.58,2.34,4.2,5.7,3.95,5.51,6.18,7.07,4.97,4.69,3.48,4.24,3.17,4.87
3016,嘉晶,上市,半導體業,-0.42,0.3,0.66,-2.42,1.4,1.12,-0.76,-0.78,-0.68,0.72,2.02,-3.35,0.53,0.7,-0.5,0.04,0.44,1.32,1.44,1.49,1.37,2.13,2.73,1.52,0.32,0.18,0.0,-0.34,0.37,0.36,-0.47,0.16,0.75,1.48,2.0,1.73,2.61,2.77,2.59,1.11,
3035,智原,上市,半導體業,2.28,2.28,2.35,2.4,1.89,2.27,1.56,2.07,2.23,2.03,2.13,-1.13,1.08,1.8,0.76,0.51,7.61,2.03,1.74,0.59,0.99,0.4,1.22,1.1,1.36,0.74,1.93,0.58,0.48,1.85,0.78,0.28,2.08,2.08,3.8,4.61,5.57,5.15,4.42,3.64,3.48
3189,景碩,上市,半導體業,1.92,2.15,2.18,2.05,2.0,3.14,2.28,1.36,1.42,1.35,1.79,2.04,1.06,1.34,1.47,1.05,0.18,0.12,0.51,-0.01,-0.04,0.18,0.71,0.1,-1.76,-2.43,-0.62,0.2,0.19,0.81,0.44,0.78,0.86,2.13,3.01,2.75,2.89,3.71,3.73,2.1,0.3
3443,創意,上市,半導體業,1.9,0.38,0.73,3.01,2.9,2.31,1.9,1.87,2.14,1.62,2.3,3.23,2.87,1.74,2.32,2.55,2.26,2.69,2.3,4.68,2.41,2.47,2.95,3.11,1.95,1.4,1.34,3.39,1.2,0.44,1.26,6.77,3.04,1.97,3.4,3.74,3.7,5.04,6.32,6.88,4.46
3450,聯鈞,上市,半導體業,1.41,3.06,4.16,3.4,4.13,5.27,5.32,4.1,4.48,5.76,6.7,6.95,5.26,5.48,4.05,5.22,2.32,3.71,3.89,4.26,2.13,3.98,3.61,2.1,1.07,2.18,2.09,1.5,1.62,2.24,1.59,1.61,2.17,2.24,2.51,1.72,1.83,1.99,2.27,0.25,0.18
3545,敦泰,上市,半導體業,1.6,3.82,1.56,-0.75,2.29,1.79,-1.06,-0.89,-0.52,0.39,1.24,0.18,-0.65,0.45,0.66,1.01,-0.06,0.22,0.91,-1.8,0.07,0.56,0.52,-20.71,-1.76,-1.28,0.68,0.45,0.5,0.86,2.28,4.57,6.34,13.76,9.64,5.7,2.79,0.32,-11.52,0.16,
3661,世芯-KY,上市,半導體業,,-4.39,,10.41,2.54,2.54,3.46,0.33,-1.62,0.44,2.36,1.9,0.23,-6.98,-0.82,1.55,1.18,2.7,2.75,2.52,3.47,3.29,2.34,-1.76,2.62,1.86,2.57,2.86,3.17,2.89,2.9,2.68,3.24,2.7,2.61,2.63,3.19,2.73,2.46,2.61,
3686,達能,上市,半導體業,-2.64,-2.3,-2.22,-2.63,-1.51,-1.72,-2.38,-3.23,-2.49,-2.98,-2.22,-4.03,-1.5,-1.53,-5.21,-8.81,-5.03,-5.42,-4.46,-4.27,-5.7,-15.98,-7.27,-56.45,-2.69,-1.81,0.34,-10.73,-4.95,-1.58,-1.3,-5.06,-1.79,-1.17,-6.39,8.49,-1.19,-1.08,-0.86,-0.91,-1.18
4919,新唐,上市,半導體業,1.35,2.3,1.11,0.51,0.89,3.56,1.76,0.62,1.93,3.08,2.76,1.21,1.47,4.58,2.5,2.27,1.55,4.1,3.35,2.38,1.63,4.14,3.1,2.56,0.49,2.76,2.47,1.81,0.1,2.67,0.54,0.22,0.85,2.99,2.05,3.3,3.39,3.73,2.65,1.98,1.82
4967,十銓,上市,半導體業,,5.46,,-0.04,,5.49,,0.16,,-8.91,,-10.64,,-2.47,,10.72,,7.34,,7.95,,5.78,2.89,1.15,2.44,-2.9,2.37,-1.16,4.88,1.0,-2.0,0.66,3.88,2.95,-4.64,-5.35,1.04,-0.75,-2.59,1.91,-0.63
4968,立積,上市,半導體業,,0.58,,1.47,,4.02,,3.33,3.42,5.42,5.84,2.31,2.12,3.58,2.28,3.62,-3.54,5.04,3.81,3.71,2.22,2.74,2.8,2.04,-0.62,3.46,4.88,2.03,1.78,6.79,9.91,9.5,6.69,6.16,0.72,-1.99,0.09,1.05,2.64,-2.35,-2.65
5222,全訊,上市,半導體業,,-21.89,,-25.99,,-7.8,,-18.15,,-3.82,,10.96,,4.75,,23.08,,5.67,,5.27,,5.56,,3.98,,6.57,,13.31,3.9,1.69,,11.53,5.52,5.02,3.15,4.39,2.42,0.6,3.13,4.71,1.91
5269,祥碩,上市,半導體業,1.67,2.19,1.03,1.5,3.56,4.87,3.81,3.89,2.43,0.43,6.07,4.61,3.81,3.13,6.47,6.38,5.62,-0.7,9.6,5.7,6.41,8.75,10.18,10.69,8.24,6.18,7.22,7.16,13.28,9.75,6.71,5.06,4.47,4.66,6.04,4.09,4.59,3.74,4.04,1.76,
5285,界霖,上市,半導體業,,2.39,1.22,1.61,1.96,2.56,2.09,2.05,1.41,1.23,2.55,0.91,1.08,0.91,1.47,2.16,0.77,2.12,3.13,3.09,2.34,2.42,2.57,1.44,1.21,1.71,1.08,0.37,0.27,0.57,0.39,1.25,2.06,2.63,1.99,1.81,2.03,2.91,1.74,0.46,0.27
5471,松翰,上市,半導體業,2.75,3.78,2.84,3.46,2.88,4.05,3.27,2.74,1.82,3.3,2.87,1.97,0.74,3.02,1.93,1.85,0.86,2.29,2.21,1.11,0.73,3.17,3.75,1.69,1.16,3.42,2.41,2.28,3.84,7.82,6.38,5.42,5.14,7.17,9.27,5.16,3.72,4.31,1.87,0.49,0.22
6257,矽格,上市,半導體業,1.38,2.33,2.42,1.64,2.06,2.46,2.39,1.79,1.26,1.73,1.7,1.37,0.97,1.48,1.94,1.66,1.12,1.36,1.45,3.83,1.26,2.45,2.14,1.24,1.07,1.44,1.9,2.96,1.38,1.88,2.01,1.9,1.94,2.26,2.71,2.13,2.49,2.92,2.82,0.82,0.82
6271,同欣電,上市,半導體業,2.98,2.97,4.53,3.56,2.61,2.73,3.29,2.17,1.34,1.17,2.55,1.63,1.46,1.69,1.48,2.04,0.59,1.41,2.92,2.33,1.26,1.6,2.9,2.4,0.93,1.52,1.51,2.01,2.16,1.55,1.53,1.93,1.87,2.4,3.5,2.71,3.23,3.37,2.51,1.42,1.07
6415,矽力*-KY,上市,半導體業,,,8.12,8.01,3.79,7.32,6.36,6.31,5.09,7.22,6.23,8.18,3.4,3.82,4.03,4.81,3.4,4.61,4.07,4.05,3.34,3.65,4.11,2.84,2.57,4.59,3.8,4.26,4.07,4.03,4.2,5.54,4.73,7.04,8.05,5.36,5.78,6.96,4.44,2.41,
6533,晶心科,上市,半導體業,,,,,,,,,,1.01,,-0.55,-2.6,-2.76,-0.77,2.33,0.03,0.26,1.5,0.03,-1.83,2.51,-0.56,3.3,-1.83,1.85,0.3,0.75,-2.78,-1.34,-2.29,9.01,1.97,4.17,1.36,0.6,2.44,1.38,5.47,-2.44,-1.02
8028,昇陽半導體,上市,半導體業,,,,,,,,,,2.59,,5.06,,3.04,,4.11,,4.03,,2.05,1.07,1.61,1.8,2.03,1.8,2.34,2.53,1.18,0.61,0.64,0.2,0.78,0.37,0.7,1.11,1.73,1.06,1.34,1.57,0.51,0.71
8081,致新,上市,半導體業,2.2,2.41,2.66,2.13,2.91,2.07,3.24,2.53,2.01,1.15,2.8,1.98,1.6,1.5,1.83,2.36,1.52,1.42,1.76,1.02,0.84,2.32,3.27,2.19,2.56,3.26,3.18,2.65,3.38,3.21,4.26,3.89,5.23,6.15,7.52,6.11,6.76,5.97,4.43,1.52,2.6
8261,富鼎,上市,半導體業,-0.75,-0.38,-0.47,-3.0,1.12,0.67,1.92,2.89,1.78,0.86,1.51,-0.59,0.45,3.16,0.4,0.17,-1.29,0.59,1.32,1.43,0.72,2.82,2.24,1.42,0.73,0.31,0.7,0.11,1.01,2.11,2.27,2.8,3.99,4.58,5.87,5.87,7.69,5.56,3.68,1.32,0.92
1308,亞聚,上市,塑膠工業,1.26,1.52,1.24,1.21,1.03,1.58,1.5,0.82,1.21,1.78,1.03,1.26,0.94,1.62,1.05,1.57,1.02,1.19,1.02,0.62,0.56,0.53,0.68,0.15,0.85,1.23,1.23,1.62,0.89,1.43,1.24,3.33,3.22,5.06,3.56,4.91,1.23,2.54,2.67,1.86,-0.15
1313,聯成,上市,塑膠工業,0.38,-0.04,0.67,0.31,-0.35,0.11,0.38,-0.69,0.2,1.09,-0.56,-1.23,0.09,0.85,0.73,1.36,0.82,0.62,3.14,1.19,0.93,0.32,0.61,-0.25,-0.3,-0.83,1.02,-0.17,-1.93,1.51,2.51,2.89,2.73,2.28,1.14,-1.62,1.73,-1.68,-1.64,-0.82,0.06
1326,台化,上市,塑膠工業,1.7,0.9,1.9,0.73,1.19,0.78,1.62,-0.99,0.39,2.55,1.72,1.38,1.51,2.74,3.24,1.88,2.32,1.91,3.44,3.09,2.41,2.57,3.54,0.38,1.54,1.3,2.36,0.75,-0.82,0.36,2.71,2.07,2.57,2.42,1.78,0.74,1.15,1.28,0.38,-1.39,-0.21
1521,大億,上市,汽車工業,1.87,2.07,2.5,3.79,3.17,2.75,2.76,2.64,4.93,2.59,3.09,2.2,4.36,3.15,2.17,4.16,3.8,3.3,3.17,3.18,2.56,2.75,1.18,2.08,3.34,3.27,2.08,1.39,1.79,0.5,0.48,1.68,0.59,0.99,0.24,0.49,0.61,0.65,1.58,-0.27,0.57
1451,年興,上市,紡織工業,1.08,1.83,1.63,1.14,1.78,1.07,1.07,0.97,0.34,0.34,2.41,1.88,1.71,1.53,1.24,0.94,0.95,-0.37,0.64,1.06,-0.74,1.84,1.44,1.21,0.11,-0.16,-0.13,-0.56,-2.58,-1.72,-0.45,0.04,0.72,0.11,0.96,0.83,2.02,1.72,1.13,-0.43,-2.36
4426,利勤,上市,紡織工業,2.91,2.27,2.09,3.46,2.76,1.33,4.01,5.42,6.0,5.68,6.53,5.27,7.41,2.4,6.02,3.67,1.13,1.39,1.38,0.74,2.26,1.49,1.51,1.29,2.47,1.58,2.6,0.55,0.51,-1.32,-0.79,-0.56,-1.16,-2.33,-1.99,-1.97,-1.71,-0.7,0.44,0.39,
2634,漢翔,上市,航運業,,4.75,,1.45,,3.71,1.39,2.72,1.59,1.58,2.7,1.25,1.61,1.81,1.34,1.81,0.35,1.32,1.83,1.73,0.92,1.77,1.83,1.28,1.0,1.01,1.31,0.94,0.11,0.51,-0.02,0.25,-0.62,0.95,0.54,0.45,0.5,1.49,1.39,0.6,1.24
2905,三商,上市,貿易百貨,0.03,0.14,0.07,0.03,-0.08,0.21,0.19,0.02,0.09,0.27,0.16,-0.13,0.04,0.27,0.18,-0.09,-0.12,0.36,0.2,-0.11,-0.06,0.29,-0.14,-0.04,0.02,0.2,0.17,0.16,0.07,0.09,-0.05,0.09,0.13,0.09,-0.04,0.01,-0.2,-0.22,0.11,-0.54,
2929,淘帝-KY,上市,貿易百貨,5.09,5.87,7.24,7.32,4.46,4.19,3.44,6.99,3.75,4.07,3.09,5.93,3.94,5.07,0.64,3.21,2.61,4.76,3.38,3.6,2.98,2.76,1.91,4.82,2.69,3.54,2.54,4.96,-0.58,-9.75,-10.2,-14.65,-1.53,-8.47,-2.24,-2.74,0.56,-1.8,5.84,-1.19,
5907,大洋-KY,上市,貿易百貨,1.06,0.8,0.96,1.43,1.47,1.11,0.32,1.44,1.46,0.86,-1.97,0.82,-0.31,0.64,-0.34,1.44,0.45,-0.06,-0.77,1.95,0.76,0.8,-0.09,0.92,0.83,0.31,0.0,1.23,-0.5,-0.38,-0.4,0.79,0.04,0.01,-0.71,-0.35,-0.32,-0.55,-0.65,-1.82,
8454,富邦媒,上市,貿易百貨,,,,,,7.99,6.05,3.81,2.57,2.65,2.66,2.57,3.48,3.12,2.73,2.98,3.03,3.54,2.51,3.38,2.65,3.84,2.95,3.57,3.13,2.45,1.82,2.65,2.98,3.14,2.76,3.67,4.38,4.48,3.32,4.23,3.59,3.42,3.09,4.12,3.47
6214,精誠,上市,資訊服務業,0.82,1.07,1.19,1.64,1.11,0.97,0.25,1.85,0.85,0.98,-0.35,1.61,0.5,0.9,3.55,0.97,1.8,1.33,1.67,1.52,1.73,2.69,0.54,0.46,1.94,1.67,1.4,3.85,0.28,3.6,2.35,1.61,2.27,1.45,0.92,0.56,1.19,0.6,1.15,1.09,1.68
2345,智邦,上市,通信網路業,0.53,1.45,1.03,1.2,1.41,1.15,0.48,1.72,0.8,1.65,2.58,2.98,2.67,3.19,3.18,3.25,3.62,3.52,3.67,3.4,2.68,3.89,4.03,3.72,3.33,5.6,6.57,3.85,3.46,3.78,5.03,4.55,3.46,2.78,3.25,4.54,3.61,5.56,6.12,5.31,
1905,華紙,上市,造紙工業,-0.36,-0.38,-0.95,-0.7,-0.13,-0.41,-0.19,0.76,0.53,0.6,0.95,0.69,0.26,0.26,0.13,0.51,0.51,0.61,0.66,0.61,0.25,0.47,0.54,0.44,0.35,-0.02,-0.5,-0.79,-0.47,0.06,-0.55,-0.05,0.31,1.26,0.4,-0.57,-0.15,0.54,0.9,0.27,
1907,永豐餘,上市,造紙工業,0.18,-0.03,0.19,0.23,-0.3,-0.02,0.52,0.58,-0.05,0.41,0.61,0.08,-0.01,0.0,0.4,0.11,0.06,0.6,1.08,0.17,0.15,0.49,0.81,0.19,0.19,0.52,1.06,0.42,0.6,1.3,2.2,1.41,1.84,2.09,1.46,0.6,0.29,0.49,1.23,0.03,
2836,高雄銀,上市,金融保險業,0.05,0.04,0.05,0.05,0.06,0.03,0.06,0.06,0.06,0.05,0.06,0.05,0.06,0.06,0.07,0.06,0.07,0.07,0.07,-0.03,0.0,0.07,0.06,0.04,0.07,0.07,0.08,0.08,0.08,0.07,0.07,0.07,0.08,0.08,0.08,0.08,0.1,0.11,0.08,0.05,0.08
2851,中再保,上市,金融保險業,0.47,0.19,1.42,0.16,0.67,0.72,0.71,0.49,0.92,0.53,0.16,0.65,0.22,0.68,0.93,0.41,0.78,0.93,1.85,0.36,1.21,0.49,0.62,0.51,1.0,0.58,1.08,0.18,1.11,1.13,1.26,0.2,1.77,0.95,0.85,0.84,1.25,-0.95,-0.12,0.35,1.28
2867,三商壽,上市,金融保險業,0.08,0.17,0.12,0.02,-0.09,0.2,0.18,0.03,0.09,0.25,0.15,-0.13,0.02,0.29,0.16,-0.13,-0.14,0.38,0.18,-0.1,-0.08,0.29,-0.17,-0.06,0.0,0.14,0.15,0.15,0.05,0.06,-0.08,0.08,0.12,0.08,-0.06,-0.06,-0.23,-0.24,0.07,-0.54,
2884,玉山金,上市,金融保險業,0.18,0.16,0.17,0.14,0.2,0.18,0.19,0.14,0.2,0.21,0.22,0.14,0.21,0.19,0.19,0.12,0.2,0.19,0.2,0.16,0.23,0.21,0.19,0.17,0.22,0.21,0.23,0.17,0.18,0.19,0.16,0.14,0.18,0.17,0.19,0.15,0.13,0.08,0.13,0.12,0.18
2887,台新金,上市,金融保險業,0.22,0.21,0.18,0.13,0.25,0.21,0.21,-0.46,0.32,0.27,0.21,0.11,0.26,0.19,0.2,0.1,0.21,0.22,0.22,0.16,0.22,0.23,0.19,0.09,0.24,0.2,0.19,0.13,0.12,0.22,0.22,0.13,0.2,0.36,0.2,0.1,0.08,0.09,0.14,0.24,
2897,王道銀行,上市,金融保險業,,0.33,,0.25,,0.37,,0.3,,0.38,,0.26,,0.34,0.1,0.09,0.14,0.11,0.11,0.05,0.08,0.11,0.08,0.08,0.13,0.09,0.1,0.05,0.07,0.11,0.13,0.09,0.15,0.15,0.14,0.12,0.15,0.1,0.16,0.58,0.19
5876,上海商銀,上市,金融保險業,,0.46,,0.48,,0.47,,0.48,,0.5,,0.46,,0.45,,0.48,,0.5,,0.48,0.22,0.28,0.26,0.25,0.25,0.28,0.25,0.22,0.23,0.2,0.22,0.19,0.23,0.22,0.23,0.2,0.21,0.21,0.31,0.12,0.22
5880,合庫金,上市,金融保險業,0.08,0.08,0.07,0.06,0.08,0.09,0.09,0.07,0.09,0.11,0.12,0.1,0.1,0.11,0.12,0.1,0.11,0.12,0.14,0.08,0.11,0.12,0.13,0.1,0.11,0.12,0.13,0.12,0.11,0.1,0.11,0.12,0.11,0.13,0.15,0.11,0.1,0.11,0.14,0.12,
5538,東明-KY,上市,鋼鐵工業,,1.16,0.52,1.58,1.32,2.85,3.74,1.87,1.63,1.51,1.0,0.49,1.48,2.08,2.05,3.88,2.85,1.59,3.56,3.73,1.83,2.57,2.24,0.84,0.78,1.41,1.81,2.07,0.2,1.73,2.17,2.36,2.32,3.18,5.14,3.74,2.41,3.37,-0.1,1.4,
2347,聯強,上市,電子通路業,0.93,1.37,1.19,1.15,0.82,0.95,1.19,1.06,0.9,1.03,0.25,0.36,0.97,0.92,1.0,1.13,0.97,1.13,1.46,1.34,1.71,1.14,1.09,0.98,1.23,1.16,1.21,1.41,1.33,1.33,1.53,1.68,1.69,2.13,4.94,1.68,1.35,1.22,4.05,1.21,0.86
3048,益登,上市,電子通路業,0.49,0.46,0.71,0.87,0.62,1.2,1.23,0.98,0.72,0.81,1.04,0.58,0.2,0.39,0.86,0.1,0.35,0.52,0.91,0.63,0.31,0.29,0.39,0.46,0.11,0.58,0.69,0.43,0.51,0.69,1.17,1.14,1.19,1.1,1.32,1.31,1.16,0.97,0.55,0.19,
2308,台達電,上市,電子零組件業,2.22,2.57,2.65,2.73,2.52,2.96,3.09,2.53,1.95,1.92,2.7,2.32,1.81,1.91,2.48,2.17,1.73,1.87,2.25,1.93,1.17,1.38,2.45,2.36,1.31,3.38,1.65,1.61,0.72,2.59,2.81,2.38,2.07,2.32,1.87,1.89,1.85,2.3,2.97,2.13,1.87
2355,敬鵬,上市,電子零組件業,2.08,2.12,2.04,2.01,2.29,1.4,1.87,2.16,1.54,1.23,2.73,2.43,2.56,2.34,2.3,2.65,1.52,1.54,1.95,0.96,0.67,-2.64,2.03,0.7,0.18,0.51,1.37,0.79,0.11,-0.48,0.13,0.45,-0.24,0.39,1.37,-0.07,0.01,0.52,0.91,0.74,0.19
2368,金像電,上市,電子零組件業,-1.84,-0.68,-0.22,-1.22,-1.03,0.34,1.61,1.85,1.04,-0.38,-0.1,-0.17,-0.81,0.3,0.58,0.58,-0.87,0.24,-0.6,-0.05,-0.73,0.48,1.18,0.12,-1.04,-0.41,0.5,1.58,1.89,3.33,2.55,1.61,2.7,3.15,3.33,3.35,3.12,5.15,4.48,3.12,
2383,台光電,上市,電子零組件業,1.36,1.37,1.86,1.26,1.71,2.03,2.93,3.25,3.29,2.95,4.46,3.31,3.16,3.29,4.48,4.24,3.68,3.57,3.56,2.64,1.32,1.86,2.93,1.92,2.16,2.93,4.0,4.55,2.84,3.31,4.27,3.6,3.3,3.9,5.23,4.17,3.46,2.56,3.03,3.2,1.07
2428,興勤,上市,電子零組件業,1.59,2.2,2.62,3.21,2.89,2.07,3.56,3.16,2.29,2.17,4.31,2.29,1.92,3.31,4.57,3.34,2.83,5.25,3.06,3.4,1.26,3.87,4.33,2.96,3.0,2.88,3.76,3.34,2.23,3.69,4.31,4.05,3.63,3.71,3.04,2.87,3.12,3.11,2.96,1.28,2.25
2472,立隆電,上市,電子零組件業,1.42,1.66,0.69,2.15,1.5,2.16,2.73,2.16,1.32,1.15,2.54,1.01,2.07,1.04,1.38,2.04,0.48,2.19,3.94,2.01,2.01,2.72,2.41,1.59,1.49,1.36,1.21,1.43,1.63,2.65,2.83,1.94,2.71,3.13,3.29,2.95,3.07,3.63,3.62,1.9,1.61
2476,鉅祥,上市,電子零組件業,0.84,1.77,1.49,1.69,1.46,1.76,1.89,1.39,1.15,1.46,2.5,1.93,1.31,2.23,2.07,2.65,0.65,1.61,2.39,1.62,-0.38,2.0,1.67,1.48,1.0,1.63,1.32,1.04,-0.37,1.59,1.51,1.78,1.63,2.67,2.79,1.66,2.32,2.52,3.69,1.84,0.57
2484,希華,上市,電子零組件業,0.59,1.11,0.93,0.92,0.96,2.09,1.93,2.6,1.23,1.44,2.44,1.17,0.23,2.11,1.03,2.46,0.44,1.43,1.3,0.98,0.95,2.13,1.58,1.62,0.75,1.03,1.33,-0.18,0.97,1.28,1.39,0.36,1.6,1.81,2.35,2.0,2.79,4.09,4.73,1.57,1.55
2493,揚博,上市,電子零組件業,2.64,2.6,1.97,1.55,3.01,3.22,2.54,3.26,1.53,1.24,4.17,2.37,3.42,2.18,2.9,2.17,1.07,2.78,2.48,1.43,1.49,2.84,2.51,3.33,1.69,2.11,1.23,1.53,3.38,2.15,1.21,2.02,2.42,2.22,1.43,2.94,3.81,3.32,3.66,3.38,3.91
3003,健和興,上市,電子零組件業,1.53,0.91,1.99,2.16,2.3,1.95,1.94,1.93,1.74,1.63,2.6,1.38,1.53,1.79,1.5,2.41,1.66,2.5,2.48,1.93,1.16,2.46,2.0,2.12,1.56,1.77,2.12,1.26,2.14,1.13,1.14,1.22,2.69,2.29,2.61,2.8,2.97,3.31,3.36,1.38,
3015,全漢,上市,電子零組件業,0.76,1.62,0.91,0.8,0.71,0.43,1.24,0.64,0.12,-0.44,1.09,1.88,0.36,0.39,0.7,0.81,0.16,-0.06,1.82,0.35,0.07,0.09,0.77,-0.28,-0.24,-0.01,0.94,0.26,-0.11,1.83,1.82,0.72,0.75,0.84,1.43,0.98,0.72,0.86,1.71,0.62,0.5
3021,鴻名,上市,電子零組件業,0.44,1.56,0.96,0.15,1.37,1.43,1.07,1.0,0.28,1.3,1.66,1.41,0.75,1.77,1.56,1.31,0.7,2.14,1.62,1.09,1.01,2.27,1.67,0.77,0.94,2.08,1.9,0.89,-0.22,2.26,1.27,0.52,1.24,0.89,2.32,0.34,1.87,1.37,1.84,1.12,0.98
3023,信邦,上市,電子零組件業,1.49,1.73,2.19,1.24,2.06,2.14,2.22,1.36,2.27,2.34,2.69,1.54,2.78,2.79,2.67,2.27,2.62,3.14,3.05,1.97,2.16,3.21,3.47,1.51,2.42,3.33,3.47,1.65,2.55,3.39,3.25,2.18,2.56,2.71,2.68,1.85,2.54,2.79,2.98,1.97,2.83
3037,欣興,上市,電子零組件業,0.57,0.27,0.37,-0.24,0.06,0.28,0.47,-0.43,-0.62,-0.33,0.13,0.83,-0.23,-0.21,-0.25,0.96,0.15,-0.11,-0.32,0.93,0.24,-0.23,1.0,0.75,0.31,0.51,1.2,0.99,0.21,1.32,1.37,1.66,1.74,1.39,3.09,3.27,3.34,4.42,4.45,3.7,1.9
3042,晶技,上市,電子零組件業,1.54,1.62,1.98,1.85,1.68,1.8,2.0,1.95,1.61,1.22,1.88,1.66,1.5,1.45,1.86,2.11,2.2,1.18,1.66,1.82,0.64,0.9,1.9,1.61,0.62,1.09,1.81,1.68,1.89,2.6,2.76,2.37,3.73,5.19,4.66,3.4,3.22,3.97,4.11,2.22,1.47
3338,泰碩,上市,電子零組件業,,3.24,1.12,2.81,1.47,2.32,2.12,2.27,0.79,0.44,2.27,2.48,0.75,1.51,2.75,3.07,-0.52,1.12,1.33,-0.46,-1.42,1.44,2.76,1.81,1.48,1.68,2.62,1.9,1.51,1.99,0.77,0.88,0.27,1.18,1.43,1.82,1.52,1.87,1.98,1.27,
3533,嘉澤,上市,電子零組件業,1.94,1.33,0.91,3.27,2.86,1.77,3.03,2.91,1.71,0.69,2.74,1.97,0.73,0.68,2.01,2.77,1.91,2.14,3.33,1.78,2.25,3.27,4.03,3.82,2.31,2.82,4.9,3.89,2.65,5.44,4.1,3.54,4.15,3.23,3.98,4.05,5.13,5.05,6.45,4.57,
3605,宏致,上市,電子零組件業,-0.14,0.73,0.97,1.51,0.97,2.95,2.43,0.81,0.42,-0.28,1.5,0.66,0.05,0.25,1.12,1.52,-0.28,0.37,0.93,-0.16,-0.88,0.96,1.71,0.83,0.4,0.63,1.74,0.7,-0.3,1.39,1.16,0.43,1.4,1.53,1.05,0.39,1.23,0.86,0.77,-1.24,-1.27
3653,健策,上市,電子零組件業,0.07,0.57,2.98,2.07,1.6,2.45,2.12,1.48,0.93,1.09,2.26,0.0,0.77,1.58,0.56,1.81,0.1,1.62,1.97,0.54,0.7,2.52,2.47,1.97,2.37,2.83,2.78,3.02,3.16,2.78,1.92,1.51,1.9,2.19,3.33,2.7,3.43,4.7,5.48,4.56,3.14
4927,泰鼎-KY,上市,電子零組件業,1.72,0.49,1.54,0.71,1.29,1.06,1.77,0.66,0.65,0.76,2.29,1.3,0.97,1.21,0.98,-0.58,0.59,0.04,0.06,0.03,0.91,1.25,2.71,2.09,2.08,2.09,2.09,0.38,2.37,2.68,2.65,1.45,0.99,1.75,2.17,2.93,2.05,1.75,0.29,0.21,-0.47
4943,康控-KY,上市,電子零組件業,,-1.22,,1.93,,1.22,,2.39,,2.42,,3.19,0.8,0.46,1.2,1.13,0.42,0.51,8.91,7.42,0.41,2.4,7.0,3.33,-1.87,1.43,2.17,1.93,-0.95,-0.83,0.74,-0.83,-2.03,-2.65,-36.2,-12.09,-5.61,-8.66,-6.59,-10.21,
6108,競國,上市,電子零組件業,0.8,0.08,0.58,0.06,0.96,0.65,1.29,0.08,-0.42,-0.51,-1.08,2.31,0.7,1.05,1.48,1.63,0.88,1.02,0.43,0.32,0.1,1.98,2.14,0.83,0.62,1.57,1.02,0.13,-1.31,1.5,-0.62,-0.44,0.34,1.15,0.53,0.5,0.27,-0.17,0.66,-0.4,
6191,精成科,上市,電子零組件業,-0.12,-0.2,0.1,-1.25,-0.06,0.14,0.36,0.08,-0.85,0.31,0.1,-0.85,0.25,0.32,0.79,0.93,-0.09,0.28,0.73,0.78,0.36,0.19,0.57,0.19,0.49,0.31,1.07,0.96,0.21,1.5,2.07,1.79,2.19,2.02,2.87,2.05,2.01,1.7,2.19,1.54,1.73
6197,佳必琪,上市,電子零組件業,0.57,0.72,1.3,0.69,1.56,0.87,1.46,2.26,1.24,0.63,2.58,0.57,0.81,1.93,2.83,2.84,1.29,1.93,2.31,0.34,0.06,2.4,2.31,1.27,0.37,2.24,2.83,0.5,0.61,3.15,1.31,1.07,1.37,2.38,2.38,2.63,0.95,2.96,4.79,1.05,2.27
6205,詮欣,上市,電子零組件業,1.89,1.86,1.67,1.02,2.77,2.05,3.44,2.35,1.86,1.53,3.75,0.84,1.37,1.9,4.72,2.04,0.82,1.91,2.34,0.57,0.45,1.95,2.65,1.03,1.28,0.74,2.46,0.47,0.8,2.62,1.73,1.02,0.79,1.11,1.75,1.49,2.34,2.52,2.78,2.64,2.83
6224,聚鼎,上市,電子零組件業,3.16,4.03,3.75,4.42,3.55,4.71,3.88,4.2,4.02,5.13,5.02,4.26,3.23,4.41,4.07,3.39,2.4,3.32,3.91,3.47,3.08,4.43,3.75,2.29,1.37,2.87,4.62,3.9,2.44,3.2,3.46,3.95,2.99,2.77,2.38,1.07,1.18,-2.76,0.16,-0.96,-0.44
6449,鈺邦,上市,電子零組件業,,,,,,4.49,2.3,2.59,2.0,1.72,2.93,2.31,1.2,2.13,2.09,2.93,0.47,2.12,2.47,2.18,2.28,2.29,1.19,-0.21,0.05,0.83,1.79,1.26,0.7,2.3,2.39,1.64,1.71,1.75,1.94,1.69,1.8,2.33,2.14,0.75,
8046,南電,上市,電子零組件業,-0.93,-0.48,-0.15,-0.43,0.02,1.84,1.02,0.6,1.19,-0.07,0.94,-0.22,-0.7,-0.51,-2.09,1.82,-2.15,-0.44,-1.04,-1.16,-1.71,-0.55,0.12,0.69,-0.74,-0.12,0.91,0.73,1.22,2.13,2.57,3.08,3.54,4.91,6.14,6.58,6.61,7.3,7.42,6.51,2.8
8213,志超,上市,電子零組件業,1.19,1.33,1.17,1.38,1.18,1.49,1.92,1.38,1.11,0.86,1.12,0.89,0.66,0.5,1.06,1.26,0.59,0.72,1.02,0.76,0.63,0.83,1.65,1.45,0.93,0.92,1.11,0.62,3.01,1.18,1.31,1.07,1.18,1.61,1.44,3.11,1.57,1.1,1.02,1.18,
1513,中興電,上市,電機機械,0.77,0.96,0.58,1.69,0.65,1.09,0.9,2.0,0.83,0.72,2.14,0.05,0.99,0.94,1.38,0.08,0.71,0.68,1.31,0.61,0.68,1.04,0.84,0.64,0.8,0.63,1.2,0.68,0.51,1.17,1.31,2.94,2.07,1.04,1.38,1.8,1.53,1.44,1.38,1.84,
1514,亞力,上市,電機機械,0.61,0.45,0.02,0.35,0.5,-0.17,0.8,1.26,0.42,0.47,1.35,0.14,1.72,0.28,0.1,-0.13,0.02,0.66,0.76,0.89,0.98,0.84,0.81,1.29,1.2,1.39,1.27,1.29,1.51,1.53,1.37,0.85,1.59,1.32,1.47,0.96,1.58,1.79,1.46,1.17,1.42
1535,中宇,上市,電機機械,2.75,2.09,1.95,2.03,1.78,1.63,2.57,2.93,1.87,1.73,1.8,1.87,1.07,0.94,0.8,0.66,0.27,0.46,0.92,0.98,0.43,0.19,0.17,0.52,0.28,0.45,0.52,0.63,0.5,0.74,0.97,1.06,1.37,1.83,1.5,1.46,1.61,3.05,1.85,1.15,1.67
1538,正峰,上市,電機機械,-3.34,-1.88,-2.05,-11.69,1.15,-0.22,-1.67,-1.87,-4.39,-3.93,8.32,-2.38,-0.68,-0.93,-0.67,-4.32,0.8,-7.34,-2.91,-1.29,-2.92,-1.74,-0.58,-2.45,-3.85,-0.62,-0.66,-8.09,11.64,-1.59,-7.06,-11.32,-3.79,-3.18,-4.44,-24.94,-10.1,2.78,-1.66,-0.02,-3.45
1558,伸興,上市,電機機械,3.79,4.7,5.72,2.78,2.88,3.24,5.56,4.08,2.16,3.56,6.48,3.04,1.52,4.17,4.1,4.01,-1.33,3.96,3.69,2.04,-0.79,6.2,5.83,2.24,1.24,3.14,4.21,1.81,1.88,2.81,4.31,2.79,4.02,2.5,0.18,-0.3,2.03,2.43,1.58,0.67,0.69
1583,程泰,上市,電機機械,1.59,1.21,1.11,1.85,1.61,1.4,1.8,2.94,1.35,0.74,2.91,1.16,0.54,0.57,0.4,1.18,-0.25,1.12,1.42,1.13,0.62,2.09,0.98,1.45,0.9,0.84,0.6,-0.03,3.86,0.78,0.19,0.47,1.08,1.84,-0.25,0.78,1.16,2.09,2.17,0.88,
1590,亞德客-KY,上市,電機機械,2.42,4.67,3.79,3.05,2.58,3.83,2.17,2.17,1.29,2.78,1.24,1.44,2.03,2.71,2.88,1.47,2.7,4.05,3.47,2.87,2.93,2.57,1.36,1.97,1.9,2.03,1.12,2.1,1.01,3.25,3.83,3.91,3.44,4.13,3.55,3.42,3.51,3.21,2.67,2.51,2.96
2049,上銀,上市,電機機械,0.7,1.62,2.38,2.66,1.76,0.99,2.46,2.51,1.5,1.15,1.62,0.13,0.22,0.94,0.68,1.01,0.6,1.87,2.38,1.6,2.93,3.52,3.66,1.23,1.14,1.52,0.67,-0.04,-0.4,1.06,1.81,1.04,0.99,2.0,2.58,0.75,2.58,2.22,2.58,0.78,0.76
4526,東台,上市,電機機械,0.35,1.3,0.89,0.7,1.36,1.04,1.89,0.96,0.04,0.39,1.6,0.19,-0.18,0.27,-0.2,0.53,-0.99,-0.07,0.34,-0.72,0.29,1.06,0.19,0.62,0.62,0.17,0.15,-0.5,-0.7,0.07,0.16,-1.93,-0.49,0.57,0.64,0.22,0.06,0.12,0.72,0.01,
4552,力達-KY,上市,電機機械,,,,,,,,,5.83,6.42,5.86,5.22,5.73,5.01,4.65,4.64,3.19,3.75,4.25,3.73,2.87,3.12,3.66,1.88,0.99,1.52,1.4,1.59,-0.6,1.7,1.54,1.28,0.76,1.02,1.78,1.71,0.96,1.29,1.93,1.89,0.85
4562,穎漢,上市,電機機械,,,,,,,,,,4.85,,5.27,,2.14,,6.56,0.81,1.75,1.15,1.79,0.24,2.33,1.38,1.05,0.28,0.44,-0.59,-2.09,-1.46,-0.77,-0.99,-2.07,-0.84,-1.73,-0.9,-1.5,-0.74,-0.49,0.2,0.58,-0.27
4566,時碩工業,上市,電機機械,,,,,,,,,,,,,,0.0,,3.14,,0.0,1.07,1.06,1.4,1.72,1.21,0.61,1.12,1.53,1.63,0.44,1.14,-0.17,0.51,0.55,1.01,0.37,1.33,0.24,1.67,1.32,2.13,0.35,
5288,豐祥-KY,上市,電機機械,,,,,,7.86,3.05,3.7,3.77,2.74,5.33,4.49,4.03,3.01,3.34,4.49,3.12,3.41,3.39,4.42,3.36,3.56,3.82,4.17,4.13,3.36,3.29,3.52,2.96,0.24,3.52,4.65,3.27,3.38,1.92,2.07,2.58,2.67,3.34,3.87,3.04
8996,高力,上市,電機機械,1.87,1.98,1.45,0.88,1.95,2.91,1.58,1.04,1.24,0.51,0.9,3.29,2.24,2.92,1.7,2.08,0.11,0.45,0.53,0.51,0.12,3.88,2.0,0.73,1.87,1.52,2.52,0.05,1.95,0.71,0.58,0.42,0.53,1.54,1.33,0.88,1.35,1.73,2.45,2.5,2.95
2357,華碩,上市,電腦及週邊設備業,2.28,1.76,1.82,2.02,1.51,1.6,1.86,1.36,1.08,1.36,1.24,1.37,1.29,1.3,1.85,1.44,1.05,0.59,1.72,1.22,0.77,0.48,1.02,-0.75,0.73,0.56,1.74,0.84,0.33,1.73,2.93,2.63,2.46,2.64,2.59,2.63,2.15,0.48,1.34,-0.71,
2382,廣達,上市,電腦及週邊設備業,0.88,0.8,0.92,1.01,0.88,0.77,0.86,0.93,0.6,0.58,0.97,0.9,0.67,0.65,0.71,0.72,0.48,0.65,0.62,0.59,0.46,0.57,0.72,0.64,0.51,0.64,0.7,0.74,0.46,1.03,1.31,1.35,1.1,1.24,1.44,1.36,0.95,0.55,1.2,1.12,0.87
2387,精元,上市,電腦及週邊設備業,1.11,-0.32,-0.05,0.05,0.46,1.38,1.69,1.5,0.81,0.19,1.88,2.37,1.1,0.72,0.96,1.14,1.51,-0.07,0.24,-0.28,-1.47,0.88,0.79,0.8,-0.73,1.02,1.71,-0.25,-0.54,2.56,2.82,1.96,0.94,1.68,1.27,0.92,1.47,1.16,2.83,1.43,0.07
2395,研華,上市,電腦及週邊設備業,3.34,4.27,4.26,3.89,4.08,4.02,4.41,4.08,3.78,4.0,3.74,4.11,3.8,4.07,4.14,3.93,3.18,4.42,4.03,4.08,3.3,3.64,3.91,3.81,3.57,3.96,4.54,3.68,2.66,4.61,3.9,3.53,3.71,3.27,4.11,4.07,4.32,3.91,4.98,3.93,4.35
3005,神基,上市,電腦及週邊設備業,0.46,0.46,0.38,1.01,0.21,1.01,-0.05,2.57,1.7,1.28,1.29,1.77,1.52,1.84,2.3,4.19,1.74,1.83,2.51,2.17,1.93,1.89,2.78,2.39,1.36,1.99,2.24,2.54,1.05,3.02,2.15,2.37,1.46,6.99,1.76,2.06,1.43,0.83,2.11,2.9,
3017,奇鋐,上市,電腦及週邊設備業,0.11,0.39,0.4,0.32,0.28,0.63,1.57,0.83,0.71,0.55,0.9,0.84,0.79,0.72,0.95,1.09,0.81,0.85,0.99,0.8,0.53,0.68,0.7,0.61,0.55,0.75,0.86,0.9,0.56,1.69,1.74,1.49,1.55,2.26,2.13,1.64,1.66,2.1,2.22,1.98,1.77
3416,融程電,上市,電腦及週邊設備業,3.47,3.35,3.79,3.62,2.81,3.02,4.19,3.32,2.62,2.29,2.86,3.18,2.54,2.82,2.0,2.22,1.58,1.52,1.69,2.04,1.78,1.89,1.82,2.85,2.26,2.62,2.26,2.13,2.09,2.2,2.87,2.6,2.71,2.86,3.35,2.2,2.47,2.63,4.56,3.02,2.95
3515,華擎,上市,電腦及週邊設備業,3.26,3.18,3.09,2.46,2.82,-0.22,1.82,1.45,1.03,0.32,0.61,0.65,0.82,0.12,0.65,-0.02,1.09,0.75,1.89,1.32,1.95,1.72,1.55,1.12,1.06,1.13,2.24,2.0,1.93,3.59,4.4,3.08,4.22,6.19,3.19,4.84,4.1,1.96,1.62,0.34,0.76
6277,宏正,上市,電腦及週邊設備業,3.3,3.84,3.72,3.94,3.13,3.3,3.74,3.6,3.42,2.35,3.44,3.34,3.9,2.9,3.93,3.41,3.13,2.49,3.37,3.79,3.14,3.2,6.95,12.18,1.65,2.14,2.7,4.26,4.41,12.1,2.15,1.66,2.3,1.77,1.96,2.68,1.86,2.2,2.78,3.14,
8210,勤誠,上市,電腦及週邊設備業,2.11,2.41,2.08,2.31,3.42,4.49,2.14,2.57,1.93,2.57,3.06,3.75,2.41,3.56,2.8,3.84,2.56,2.14,1.6,2.84,1.01,2.45,3.36,4.84,3.18,3.28,4.0,4.85,2.15,3.99,3.17,4.36,1.53,1.99,2.18,1.42,1.1,2.34,3.52,1.27,0.26
1210,大成,上市,食品工業,0.83,-0.18,1.14,4.24,0.95,0.97,1.34,-0.71,0.22,0.34,0.97,-0.33,1.52,1.69,1.96,1.51,1.66,0.98,1.99,2.24,2.26,0.92,1.27,1.36,1.15,1.57,2.07,1.66,1.55,1.96,2.61,2.06,1.74,0.71,0.67,1.06,1.09,1.11,1.22,1.27,1.45
1219,福壽,上市,食品工業,-0.61,-0.24,0.1,1.22,0.76,0.13,0.01,1.19,0.3,-0.11,0.22,0.49,0.35,0.25,0.08,0.06,0.04,-0.42,0.16,0.88,0.55,0.19,-1.74,-0.09,0.18,-0.09,0.14,1.37,2.8,0.71,1.49,1.47,2.65,0.39,-0.41,0.61,2.11,1.38,-0.34,0.13,0.64
1220,台榮,上市,食品工業,1.07,-0.37,1.5,-0.82,0.77,0.48,0.36,-0.23,-0.12,0.61,2.18,0.88,1.29,1.96,0.88,2.19,0.2,0.98,1.24,0.44,1.12,1.06,0.68,0.83,0.49,0.95,1.62,1.57,0.58,1.73,1.95,2.0,2.3,1.89,1.14,1.14,1.31,0.59,-0.13,0.44,
1232,大統益,上市,食品工業,5.22,4.35,2.44,5.0,6.81,3.27,3.46,9.09,5.02,3.7,5.96,4.78,3.62,5.43,3.96,5.15,3.3,4.02,4.72,4.15,3.78,4.34,3.63,5.35,5.45,3.77,4.19,4.23,4.47,4.0,5.78,7.2,7.56,3.95,2.11,5.37,6.83,5.29,1.95,3.66,4.79
1256,鮮活果汁-KY,上市,食品工業,5.69,7.01,7.21,3.64,5.29,6.38,6.1,2.35,3.25,5.2,3.95,0.59,2.31,3.96,5.01,1.21,2.53,5.01,4.96,1.11,2.73,6.28,6.24,2.2,3.38,6.3,5.86,2.67,0.37,6.79,11.54,4.51,5.37,5.96,6.5,0.19,1.05,1.6,5.08,1.63,
1584,精剛,上櫃,其他,-1.49,-1.63,-1.04,-1.34,-0.83,-0.73,-0.26,0.23,-0.19,0.15,-0.77,-2.86,-0.29,0.41,0.04,-0.04,-0.68,-0.93,-0.42,-1.37,-1.42,-0.36,-0.1,-1.23,-0.64,-0.45,-0.6,-1.17,-0.26,0.43,1.25,0.29,0.2,0.2,0.59,1.02,1.14,1.35,0.9,0.86,1.18
2640,大車隊,上櫃,其他,3.24,4.11,4.39,4.44,4.08,3.09,2.27,2.76,1.9,2.38,1.77,0.96,1.79,0.97,1.47,1.54,2.13,2.77,2.31,2.19,2.78,2.3,2.37,2.01,1.75,3.26,3.38,2.79,2.24,2.54,3.81,3.27,3.2,1.13,1.14,3.03,3.36,2.48,2.83,2.19,3.36
5209,新鼎,上櫃,其他,1.24,2.62,2.68,2.23,1.79,1.56,1.38,1.54,1.62,1.62,1.81,1.78,1.49,1.96,1.48,1.57,1.61,2.09,1.48,1.14,1.28,1.35,1.45,1.42,1.49,1.92,1.35,1.48,2.71,2.42,2.29,1.4,2.64,2.0,2.04,4.68,1.15,1.04,2.66,2.44,2.14
5345,天揚,上櫃,其他,0.41,0.19,-0.1,0.1,-0.41,20.67,0.05,-0.84,1.09,6.8,4.66,10.02,-8.33,5.5,2.44,-11.98,2.69,-5.99,0.19,-12.35,-2.59,-2.38,-9.28,-7.61,3.08,-20.57,-13.98,-25.54,-30.97,7.74,-24.62,-21.48,-2.59,-4.32,-3.12,-1.8,-19.54,-17.74,-11.62,-12.02,-1.52
5530,龍巖,上櫃,其他,1.1,1.1,1.13,2.06,1.22,1.25,1.59,1.61,0.72,0.62,0.95,0.35,0.49,0.56,0.65,0.48,0.51,0.9,1.45,1.3,0.88,1.17,1.09,0.58,1.06,0.42,1.62,0.6,0.47,0.19,0.93,0.58,0.68,0.29,0.66,0.59,0.72,0.85,0.2,0.41,
5604,中連,上櫃,其他,0.46,0.73,0.92,1.24,0.54,0.6,0.97,1.16,0.72,0.89,0.79,8.16,0.58,0.55,0.5,0.88,0.16,0.1,0.25,1.87,10.49,0.2,0.26,1.05,0.09,13.8,-0.16,3.85,0.4,0.97,25.64,0.44,16.21,0.48,0.55,1.28,0.68,0.66,0.72,0.82,
6803,崑鼎投控,上櫃,其他,2.29,2.85,3.0,1.93,2.48,2.92,3.25,2.3,2.65,3.09,3.3,2.16,9.03,3.1,4.21,2.53,3.08,3.27,3.91,2.99,3.02,3.45,3.57,2.21,2.63,2.65,3.18,2.74,2.52,2.57,3.27,2.48,2.51,2.41,2.85,2.06,2.26,2.35,2.73,2.57,2.81
8390,金益鼎,上櫃,其他,0.17,-0.65,0.14,-0.12,-0.3,0.5,0.43,-0.22,-0.13,-0.04,-0.81,-4.16,0.48,0.23,-0.6,-0.11,-1.16,1.52,0.74,0.61,1.47,1.18,-1.06,0.06,1.31,1.34,0.96,1.19,1.06,2.2,3.36,1.44,4.15,3.25,2.31,2.61,3.65,3.45,0.54,1.21,
8420,明揚,上櫃,其他,,5.36,,1.29,2.56,-0.43,-2.14,2.31,2.34,3.51,3.27,3.88,2.76,3.82,1.24,3.34,-1.51,0.73,0.03,1.73,-1.82,2.71,2.02,4.1,2.2,2.59,2.79,1.18,0.51,-0.59,2.14,2.2,1.15,3.08,3.87,3.69,4.07,6.16,6.02,6.31,4.76
8435,鉅邁,上櫃,其他,2.28,2.84,3.51,4.57,2.1,2.72,3.42,3.48,1.95,2.73,3.39,2.92,1.74,2.76,2.74,3.56,2.48,4.0,3.08,2.94,2.03,3.04,3.07,3.36,2.86,3.02,2.92,2.78,2.12,3.31,3.28,3.5,2.9,2.85,3.85,3.54,2.96,3.53,2.85,3.37,3.03
8924,大田,上櫃,其他,-0.5,-2.41,-1.15,1.89,-0.78,-3.77,0.24,3.16,1.09,-3.17,-0.27,0.51,-4.02,-1.88,-0.22,0.25,-3.08,-3.48,33.21,2.26,0.65,-2.93,2.49,1.2,2.97,6.0,2.93,1.87,-0.35,3.55,6.1,3.98,7.78,10.02,9.8,6.99,4.41,9.77,5.97,8.89,1.57
8928,鉅明,上櫃,其他,-7.44,0.12,2.53,5.9,5.79,4.78,-2.58,7.01,6.76,0.43,0.61,4.59,4.83,0.18,-1.7,1.61,1.64,0.59,1.63,1.65,2.55,2.2,-1.32,0.91,3.65,2.26,0.32,1.81,1.89,0.43,1.19,2.13,2.31,1.62,1.73,3.05,3.53,3.08,1.4,1.65,1.6
8938,明安,上櫃,其他,0.85,-1.33,-2.48,1.24,1.13,-2.32,-1.88,1.7,0.53,-3.12,0.32,3.19,1.46,-0.03,0.84,4.73,1.71,1.56,0.99,3.13,0.73,3.14,1.59,3.54,2.89,2.18,1.27,2.5,1.27,0.34,2.86,2.94,2.79,3.42,2.48,3.72,3.93,4.89,4.73,3.76,2.01
1785,光洋科,上櫃,其他電子業,1.32,-1.76,-0.29,1.06,0.79,-0.03,0.61,-1.29,-1.3,-0.58,-2.14,-0.74,-4.19,2.79,-0.13,-0.7,0.03,0.23,0.09,0.28,0.71,1.07,0.95,-0.58,0.81,0.46,0.97,2.79,0.63,0.9,1.3,1.35,1.19,1.34,1.53,1.33,1.51,1.48,2.05,0.47,0.56
3093,港建*,上櫃,其他電子業,1.63,1.26,2.69,2.73,1.37,-0.18,2.74,2.24,1.22,0.85,2.37,4.54,2.16,2.15,1.71,0.42,0.23,1.51,0.47,0.07,-0.85,2.44,1.68,1.98,1.51,2.74,0.24,2.02,1.99,4.45,2.14,5.91,3.27,3.58,5.4,5.25,6.74,5.91,6.0,5.45,2.85
3551,世禾,上櫃,其他電子業,2.14,2.26,2.6,1.75,1.98,2.46,2.78,1.68,1.04,1.79,1.92,0.74,0.7,1.12,0.49,0.48,0.62,1.2,1.46,0.55,0.78,1.19,1.75,1.14,1.04,0.93,1.71,1.7,1.53,1.5,1.34,1.93,1.99,2.75,3.25,1.63,2.03,2.14,2.01,1.63,1.69
3580,友威科,上櫃,其他電子業,-3.82,-2.73,-2.7,-8.48,-3.63,-7.53,-1.57,1.73,-3.12,-4.87,-1.1,-1.26,-2.54,-3.05,0.96,0.63,-0.89,2.04,9.54,3.7,-1.36,4.76,3.74,0.33,0.19,3.28,2.92,1.72,-0.33,0.82,5.15,0.85,1.68,2.45,1.52,2.93,1.48,3.22,5.9,2.7,0.37
8183,精星,上櫃,其他電子業,-0.53,-0.48,-0.57,0.44,1.61,0.12,0.38,0.05,-0.94,-1.05,-0.03,-0.92,-0.31,0.47,1.66,1.96,0.7,2.09,1.36,1.46,0.76,1.11,1.22,0.92,0.51,1.37,1.63,1.16,0.27,1.66,0.82,3.51,2.49,2.3,1.24,5.87,3.55,2.86,2.68,2.79,1.72
8383,千附,上櫃,其他電子業,0.89,1.01,1.03,1.5,2.9,1.56,1.99,1.84,2.21,1.61,2.93,2.45,3.07,2.7,2.82,3.04,2.36,2.61,2.57,2.23,1.98,1.47,1.39,1.26,2.21,1.01,1.0,1.51,2.34,2.18,-8.36,0.62,1.44,2.11,1.75,1.37,1.57,2.7,2.74,0.19,
6509,聚和,上櫃,化學工業,0.66,0.76,0.94,-0.03,0.1,0.41,0.34,0.46,0.83,0.65,0.93,0.62,0.76,0.64,-0.1,0.52,-0.06,0.64,0.24,0.62,0.61,0.88,1.11,0.71,0.68,1.26,0.97,0.96,1.41,1.38,1.24,0.97,2.3,2.07,1.5,1.39,1.93,2.22,2.85,1.94,
3141,晶宏,上櫃,半導體業,1.41,0.71,2.14,0.93,0.75,1.89,2.66,2.84,1.6,1.25,2.07,1.14,4.01,4.98,2.21,1.48,0.35,1.21,3.73,2.25,1.1,3.88,5.84,2.33,1.96,1.08,1.64,0.85,1.21,1.23,1.92,3.31,3.27,4.81,10.24,6.42,5.38,5.04,1.92,-1.44,0.95
3169,亞信,上櫃,半導體業,2.23,3.29,2.79,3.4,1.04,1.71,2.05,2.87,1.32,0.43,2.54,2.89,1.24,1.67,2.25,2.07,2.27,3.16,3.02,2.71,1.63,3.12,3.49,4.75,3.39,3.56,3.43,3.45,2.09,3.41,3.95,5.69,4.58,4.45,6.76,6.41,5.57,4.86,4.78,4.4,2.19
3260,威剛,上櫃,半導體業,3.42,5.36,0.46,0.43,1.96,2.0,0.57,-0.49,0.13,-1.32,0.36,0.58,0.53,0.39,1.52,3.18,3.12,2.21,1.8,-0.13,0.23,0.31,0.09,-1.66,0.71,0.36,1.62,-1.0,1.71,1.07,1.22,1.16,2.36,4.66,-0.01,0.3,1.4,0.04,0.48,0.58,
3264,欣銓,上櫃,半導體業,1.07,1.56,2.18,1.97,1.33,2.31,2.65,2.57,2.2,1.51,2.23,1.22,0.8,1.71,2.07,1.86,1.48,1.52,2.56,2.42,1.86,2.2,2.69,2.47,1.0,1.41,1.88,1.7,1.7,2.3,2.15,2.48,2.12,2.66,3.09,2.65,2.42,3.24,3.92,2.89,1.97
3317,尼克森,上櫃,半導體業,0.25,0.37,0.33,0.18,0.19,0.24,0.1,0.07,-0.19,-1.26,-0.17,0.29,0.28,1.1,0.27,1.19,0.32,0.33,2.71,0.88,0.96,2.64,2.51,0.51,1.61,2.52,2.63,0.86,1.08,1.91,2.33,2.21,3.53,3.07,3.0,3.21,4.82,4.47,3.06,0.88,1.26
3374,精材,上櫃,半導體業,,-0.29,,3.89,,2.49,1.62,3.27,1.48,1.27,-0.21,-0.89,-0.74,-1.89,-1.81,-3.33,-2.9,-4.25,-2.39,0.92,-2.17,-20.34,1.47,1.94,-5.29,-0.66,5.52,3.04,2.57,2.14,8.51,10.91,7.61,3.15,7.37,5.68,4.28,6.42,6.62,4.93,2.38
3529,力旺,上櫃,半導體業,3.12,4.4,4.14,5.18,5.84,4.08,6.34,5.25,5.58,5.93,5.1,6.53,7.73,4.56,5.86,6.24,6.65,5.53,8.05,5.03,6.74,4.23,6.93,7.67,8.04,4.91,5.59,6.58,8.22,7.17,7.23,8.19,10.99,8.17,9.45,9.65,10.63,10.65,10.87,11.91,7.57
3556,禾瑞亞,上櫃,半導體業,7.43,8.12,8.63,4.5,3.71,3.31,3.59,3.16,3.01,4.53,3.09,3.53,3.54,3.2,3.02,3.04,3.34,3.85,4.3,2.46,3.02,3.11,4.39,2.98,3.87,3.37,3.39,0.59,4.2,4.72,3.63,2.21,4.45,7.36,6.47,3.57,7.18,4.64,2.83,2.29,3.66
3675,德微,上櫃,半導體業,-1.01,0.04,-0.37,-0.49,0.69,1.25,1.79,1.36,1.8,2.05,2.66,1.71,1.53,2.33,1.92,2.43,2.05,2.97,2.53,2.39,0.95,2.58,1.94,1.27,0.97,1.33,1.29,1.08,0.88,1.4,0.73,0.63,1.73,3.05,3.36,3.3,3.52,3.97,3.75,3.14,2.38
3680,家登,上櫃,半導體業,-0.9,-1.14,0.36,2.22,0.44,0.07,0.32,0.29,-0.85,-0.55,0.7,0.81,-0.81,0.19,0.11,1.34,1.68,-1.52,0.21,0.23,-0.77,-1.29,-1.54,4.03,0.2,3.04,1.53,0.87,0.37,2.5,6.37,-0.39,0.67,0.71,0.73,2.35,2.08,2.92,2.41,2.15,
3707,漢磊,上櫃,半導體業,,,,,,,,,-2.24,-1.99,-3.51,-5.22,-2.22,-1.19,-2.11,-1.56,-1.58,-0.01,0.27,0.48,0.4,1.45,1.15,0.0,-1.08,-1.28,-1.99,-2.32,-1.34,-1.11,-1.89,-1.07,-0.01,0.83,1.34,1.85,2.81,2.66,3.13,0.77,
4966,譜瑞-KY,上櫃,半導體業,1.21,2.76,3.76,6.97,4.92,4.86,6.32,4.87,3.8,3.85,4.32,3.73,4.22,3.94,3.43,3.73,3.78,4.48,6.63,4.22,3.81,3.34,4.51,6.0,4.65,4.15,5.02,4.64,4.41,5.63,6.96,5.94,6.26,7.3,8.05,7.66,8.24,7.87,3.96,1.92,1.66
4991,環宇-KY,上櫃,半導體業,,4.8,,7.92,3.31,2.04,3.54,5.19,2.39,2.88,4.67,3.09,0.63,2.97,4.2,2.51,3.44,2.31,3.76,2.64,2.79,2.95,2.82,1.49,0.36,2.23,1.5,2.62,0.07,0.15,-0.84,-2.21,-2.29,-1.22,-2.34,-3.7,-3.55,-3.21,-4.67,-8.43,
5274,信驊,上櫃,半導體業,7.17,5.99,5.3,5.7,6.79,7.53,7.48,8.04,7.53,5.37,9.77,6.65,6.99,6.56,7.91,7.15,3.94,4.97,6.1,5.52,4.81,6.7,6.91,6.15,6.23,5.63,6.87,6.78,6.03,8.33,6.0,6.11,6.31,6.94,7.76,9.5,9.57,10.09,10.59,8.44,
5483,中美晶,上櫃,半導體業,0.58,0.28,0.15,-0.11,1.26,1.07,1.22,-0.42,0.66,0.3,1.07,0.43,0.72,0.93,-2.41,-1.38,-0.35,0.94,1.92,1.73,2.21,2.78,2.56,1.23,3.49,-0.51,2.95,2.28,2.55,2.93,3.07,3.13,2.5,3.13,2.21,1.51,1.28,1.83,3.03,2.73,2.36
6104,創惟,上櫃,半導體業,-2.41,-1.49,-0.33,-7.96,2.34,5.31,8.95,6.03,3.83,2.41,3.34,3.56,1.96,2.54,3.03,2.54,-0.79,2.25,2.15,1.5,0.83,3.81,2.8,1.68,1.04,2.35,2.87,2.26,2.9,4.86,4.08,1.85,1.75,4.59,5.84,6.7,9.24,3.39,0.69,-2.72,
6129,普誠,上櫃,半導體業,-1.41,-1.33,-1.24,-0.43,0.45,1.88,0.24,0.69,-2.07,-3.35,-0.7,-0.15,0.1,0.62,-0.37,-0.24,-0.91,-0.56,-0.41,0.06,-1.22,-0.34,-1.1,-1.22,-0.33,-0.71,0.1,-0.48,-2.73,-0.56,-0.32,1.02,1.02,2.12,2.03,1.81,1.55,1.22,1.46,2.03,1.69
6182,合晶,上櫃,半導體業,-1.17,-0.08,-0.23,-2.15,-0.56,-0.07,0.14,-4.4,0.14,0.19,0.06,-0.58,-0.5,-0.5,-0.43,-9.21,0.22,0.69,1.05,1.07,1.9,3.15,4.95,2.85,2.2,1.37,2.15,0.36,0.3,0.83,1.38,0.53,0.85,1.38,1.82,2.14,2.5,2.45,3.33,2.16,1.3
6287,元隆,上櫃,半導體業,-5.2,-4.43,-3.81,-6.8,-9.24,-4.28,-4.51,-3.11,-4.58,-5.55,-4.6,-7.0,-6.26,-4.98,-2.44,-3.24,-2.87,-0.65,-1.82,-1.05,-0.8,-0.49,-0.12,-0.19,-3.52,-4.4,-5.14,-7.41,-4.08,-3.91,-1.05,-1.52,-1.74,1.27,4.78,2.25,3.66,3.66,3.97,1.18,-0.21
6411,晶焱,上櫃,半導體業,,4.92,3.99,3.56,0.32,2.25,4.1,2.25,1.05,0.77,3.63,4.28,1.97,2.86,2.51,6.8,2.18,4.59,4.34,5.34,2.92,6.29,3.83,4.57,2.68,5.52,2.89,3.35,2.88,2.58,3.41,4.02,4.25,2.76,4.38,5.57,3.0,3.02,1.52,-1.31,
6457,紘康,上櫃,半導體業,,,,,,3.89,3.84,2.27,2.36,3.49,4.08,1.95,1.58,2.28,2.55,2.46,0.83,2.53,2.73,1.62,1.09,2.75,1.14,2.46,1.46,2.54,1.99,2.96,3.68,7.84,6.79,7.4,8.72,8.55,10.37,6.81,5.35,1.74,-1.04,-2.59,
6485,點序,上櫃,半導體業,,,,,,,,,1.29,2.41,4.6,3.72,4.0,3.99,2.65,0.07,-0.93,-2.42,-1.53,-1.69,-0.02,0.94,2.74,1.79,0.54,1.18,1.58,0.97,0.13,-0.29,0.48,1.96,3.7,7.1,9.61,8.88,6.02,5.08,3.25,2.93,1.43
6488,環球晶,上櫃,半導體業,,,,,,4.62,,5.24,2.16,2.25,2.57,1.96,1.19,1.82,1.41,-0.39,0.59,2.21,2.67,2.96,3.72,4.4,4.33,4.19,4.18,3.72,3.46,3.01,2.98,3.56,3.63,3.66,2.81,3.47,2.29,1.46,1.16,1.78,3.26,3.54,2.89
8040,九暘,上櫃,半導體業,-1.78,-1.22,-2.46,-1.83,-2.27,-2.92,-2.75,-1.83,-2.08,-2.44,-2.26,-0.62,-0.34,-0.26,-4.52,-1.27,-2.08,0.18,0.64,1.6,-0.59,-3.26,-2.5,-2.43,3.41,2.75,9.73,-2.43,-11.65,1.67,0.58,-1.56,-2.12,2.68,0.78,4.88,0.81,1.79,5.28,6.12,1.95
9950,萬國通,上櫃,塑膠工業,0.96,0.86,0.14,0.29,0.56,1.16,0.99,0.37,0.51,0.34,0.88,0.07,0.08,0.35,-0.08,0.48,-0.92,-0.8,-1.83,-3.0,-0.29,-2.25,-2.06,-2.17,-1.22,-0.48,-1.08,-0.88,-1.9,-2.93,-1.68,-1.08,-2.03,-7.53,-2.67,-2.58,-2.01,-3.2,0.36,-0.45,
8931,大汽電,上櫃,油電燃氣業,0.6,1.21,1.39,1.25,0.73,1.2,1.5,1.47,0.79,0.21,1.2,0.88,0.78,0.51,1.4,0.67,0.23,1.04,2.24,0.56,0.23,1.61,1.66,1.15,0.73,0.73,1.61,1.17,1.17,0.66,1.55,1.05,0.86,1.66,1.34,0.03,0.24,1.11,3.81,3.13,2.18
1593,祺驊,上櫃,生技醫療業,1.09,-0.05,1.92,1.34,1.05,0.68,2.66,1.41,1.31,0.35,3.56,3.1,1.57,2.48,2.75,3.03,0.93,2.5,4.26,3.36,0.92,2.71,4.42,3.49,2.35,2.25,3.41,3.17,1.92,2.69,3.79,4.16,2.49,3.32,2.97,2.74,0.77,1.07,6.86,2.07,
4401,東隆興,上櫃,紡織工業,3.37,4.05,4.09,4.39,2.59,2.6,2.67,1.92,2.4,3.8,2.92,2.77,2.66,2.87,2.91,2.52,2.84,2.87,2.52,1.79,1.52,1.62,1.03,1.43,1.03,1.12,1.11,0.46,0.47,-0.22,0.19,0.99,0.98,1.59,1.36,1.36,1.12,1.38,0.89,-0.62,
2937,集雅社,上櫃,貿易百貨,,,,,,,,,,2.75,,0.91,,3.08,1.72,0.22,2.07,0.85,0.94,0.84,1.28,0.94,0.22,1.63,1.66,1.16,0.45,2.72,1.85,2.07,1.2,2.03,1.68,1.14,0.45,2.78,2.05,1.1,0.4,2.28,0.96
3171,新洲,上櫃,貿易百貨,6.02,-0.85,-0.16,-0.77,1.91,1.7,1.41,0.79,1.75,2.27,1.71,0.5,1.15,1.57,1.11,0.98,0.27,0.68,0.99,0.45,0.58,0.99,1.41,1.13,1.68,1.41,1.72,2.08,1.76,2.18,2.33,1.45,1.58,1.71,1.15,0.91,0.76,1.23,1.75,2.47,1.52
5903,全家,上櫃,貿易百貨,0.64,1.92,2.17,1.16,1.02,2.0,2.06,0.91,0.78,1.57,1.89,1.13,0.68,1.95,2.21,0.96,0.44,1.73,1.96,1.34,0.82,1.73,1.79,1.14,0.57,1.03,1.08,0.87,0.51,1.06,1.26,0.89,0.56,0.59,0.47,0.6,0.27,0.53,0.77,1.15,0.28
8066,來思達,上櫃,貿易百貨,0.26,1.64,-0.02,2.28,0.26,2.19,3.33,4.46,3.92,4.73,4.61,9.23,3.46,5.38,5.6,6.86,3.49,6.1,6.94,8.22,2.65,7.48,6.0,6.98,2.02,3.72,4.35,2.09,0.42,-0.49,4.55,2.5,1.72,1.07,0.58,2.02,1.2,1.53,0.93,0.71,-0.11
8433,弘帆,上櫃,貿易百貨,2.47,3.55,3.06,2.38,2.8,2.81,4.66,4.27,4.06,4.62,6.66,5.85,4.75,5.03,3.88,4.83,2.52,4.21,4.43,2.32,1.74,4.49,3.76,3.29,2.0,2.53,2.33,1.33,1.51,1.21,1.62,1.83,1.26,0.44,2.3,2.62,2.51,4.18,5.91,1.34,
5009,榮剛,上櫃,鋼鐵工業,-0.02,0.29,0.27,0.36,0.51,0.74,0.8,1.08,1.08,0.89,1.3,-0.24,0.03,0.48,0.46,0.79,0.13,0.32,0.21,-0.01,0.07,0.33,0.48,0.36,0.38,0.65,0.27,-0.04,0.1,0.47,0.14,0.55,0.76,0.86,1.1,1.22,1.64,2.5,2.45,2.29,2.28
8349,恒耀國際,上櫃,鋼鐵工業,1.26,1.71,1.84,2.13,2.16,1.68,1.26,1.81,2.11,1.85,1.08,1.14,1.38,1.43,1.37,2.15,2.13,1.84,1.84,2.18,1.61,1.53,1.49,1.15,0.72,0.07,0.45,0.76,0.02,-0.44,1.22,1.55,0.79,0.41,0.51,1.06,1.07,0.61,1.3,0.79,
6270,倍微,上櫃,電子通路業,0.04,0.15,0.34,0.21,0.72,0.62,0.69,0.47,0.28,0.14,0.52,0.47,0.34,0.37,0.41,0.44,0.27,0.29,0.45,0.39,0.41,0.96,1.32,1.43,1.02,1.16,1.18,0.6,1.08,1.65,1.45,0.65,1.48,2.24,2.92,1.2,1.72,1.6,2.0,1.12,
3078,僑威,上櫃,電子零組件業,1.18,0.92,1.54,1.11,1.78,2.0,2.18,2.66,1.61,1.45,3.32,3.78,2.08,2.71,3.39,4.0,1.31,2.29,3.52,2.62,0.56,3.41,2.33,1.84,0.91,2.35,2.88,2.03,1.26,3.47,4.1,3.92,3.07,2.33,2.25,2.08,1.85,1.94,2.07,1.61,
3089,億杰,上櫃,電子零組件業,-0.45,-1.23,-1.11,-4.53,-1.44,-1.72,-2.25,-5.83,-1.77,-7.86,-6.88,-7.5,-3.77,-63.48,-5.4,-0.49,-1.23,-13.38,-0.86,0.27,0.41,0.55,0.46,0.27,0.01,-1.65,0.94,-4.88,-5.53,1.68,-0.84,-0.24,0.9,1.73,-2.96,5.55,-0.99,-7.06,-7.83,-14.79,
3217,優群,上櫃,電子零組件業,1.0,1.52,1.27,0.93,0.79,1.71,2.19,1.7,0.89,0.6,2.71,0.76,0.87,1.57,4.29,3.08,1.15,2.79,5.08,2.59,2.04,3.45,4.56,2.86,2.25,3.61,6.01,4.85,4.03,5.13,4.48,3.97,3.04,2.75,4.56,3.34,3.25,3.14,4.11,1.99,1.92
3357,臺慶科,上櫃,電子零組件業,1.45,2.93,,2.08,,3.63,,4.29,2.1,3.68,,4.06,,3.04,,3.73,,2.21,,4.77,,5.65,,4.43,,2.99,,5.36,,6.81,3.26,2.93,3.58,4.49,3.89,2.87,3.18,3.64,2.6,1.46,1.82
3465,進泰電子,上櫃,電子零組件業,0.18,0.04,-1.03,-3.27,-2.09,-3.67,-8.41,-1.39,-7.66,-5.02,-8.79,-1.9,-10.18,-8.67,0.51,4.62,-5.96,-10.14,-17.97,-15.16,-8.81,-7.22,-9.18,-7.09,-5.38,-6.39,-8.44,-32.7,-3.35,-3.54,7.83,3.37,13.9,10.18,7.77,4.95,1.54,4.31,2.13,-2.33,-1.67
3484,崧騰,上櫃,電子零組件業,0.34,1.3,1.8,0.9,1.26,1.63,2.81,2.6,1.72,1.0,1.71,1.97,1.28,0.99,1.97,1.38,1.18,1.05,1.47,1.25,1.03,0.85,0.85,0.77,0.55,0.92,1.47,1.14,0.28,2.36,3.17,3.5,3.34,3.24,3.02,1.79,1.9,1.67,2.22,0.69,
3492,長盛,上櫃,電子零組件業,,6.03,,-2.22,,1.9,2.53,0.73,0.8,2.11,3.97,1.46,2.98,1.14,3.14,2.96,3.23,3.65,1.05,-0.49,-0.29,2.18,4.03,1.38,0.94,2.23,1.68,0.12,1.3,-0.77,0.96,0.34,1.75,0.44,0.37,-0.53,0.8,1.96,2.99,0.16,0.02
3526,凡甲,上櫃,電子零組件業,1.39,0.05,-0.39,-0.85,-1.16,0.69,2.96,1.71,0.7,-1.3,2.26,3.26,3.29,3.16,6.13,5.77,1.15,2.39,1.99,2.59,0.96,3.3,4.89,4.43,1.84,2.91,4.89,3.97,1.6,6.33,4.32,3.47,3.62,5.49,4.16,4.25,3.59,2.63,4.22,2.45,1.93
3548,兆利,上櫃,電子零組件業,0.91,-0.1,1.54,1.74,1.68,1.25,0.64,0.66,0.38,0.04,2.72,1.43,1.24,2.73,2.38,1.05,1.62,1.63,1.52,1.07,0.99,2.37,2.32,1.72,1.42,1.99,2.38,1.41,0.25,1.66,1.69,0.82,0.78,0.17,0.23,1.76,1.74,0.94,1.88,0.63,
3597,映興,上櫃,電子零組件業,,0.66,,0.36,,0.23,,1.9,,0.09,,2.91,,0.32,,0.83,,-1.14,,1.27,,2.8,,1.58,,1.57,0.66,0.76,0.26,1.31,1.83,1.13,1.35,1.89,2.28,1.7,0.58,1.84,3.58,0.74,0.06
3624,光頡,上櫃,電子零組件業,2.44,2.07,1.42,1.69,0.51,0.32,1.87,1.66,0.67,1.0,2.38,0.27,0.54,1.32,0.02,0.65,-0.63,1.55,1.35,0.71,1.63,2.8,3.05,1.18,3.03,1.54,0.46,-0.92,0.54,2.01,1.19,1.69,2.58,3.18,3.48,3.92,4.56,4.2,3.54,1.99,
3646,艾恩特,上櫃,電子零組件業,0.77,0.12,1.64,-0.41,-0.87,0.0,-0.48,-2.07,-0.99,-0.78,3.13,-0.71,0.39,2.76,2.15,1.56,1.26,-0.38,1.01,3.02,0.18,3.26,3.22,1.01,-1.28,1.31,2.54,4.08,0.15,3.29,2.76,0.54,1.8,2.2,4.58,2.1,2.08,3.22,3.37,1.05,
5227,立凱-KY,上櫃,電子零組件業,-3.19,-5.61,-4.13,-5.09,-4.18,-7.5,-5.69,-3.74,-4.11,-4.92,-2.62,-2.94,-3.09,-0.82,2.53,-0.67,-1.54,-1.76,0.77,-3.32,-5.17,-12.2,-14.89,-11.98,-4.78,-9.57,-4.48,-5.17,-4.85,-7.23,-19.81,-10.27,-8.84,-26.54,-1.19,-10.25,-9.06,-6.51,-8.6,-6.18,-7.03
5291,邑昇,上櫃,電子零組件業,,3.39,,3.37,3.03,1.99,1.96,-0.21,0.07,0.12,1.35,-0.67,0.02,-0.03,-0.33,-0.67,-0.77,0.92,-0.13,-1.94,-0.11,0.98,1.27,0.69,1.17,1.42,2.15,0.66,1.0,1.88,1.03,1.35,2.14,3.37,2.81,2.27,2.79,3.54,3.39,1.07,
5439,高技,上櫃,電子零組件業,1.34,1.54,2.0,0.88,2.04,2.29,2.3,2.21,1.93,1.36,2.61,1.09,2.56,3.34,1.91,2.78,2.03,2.69,2.44,1.82,2.47,3.55,3.16,3.31,2.49,2.7,2.21,2.09,3.07,3.09,2.45,3.12,3.34,3.53,2.75,2.52,2.72,2.58,2.62,1.94,
5498,凱崴,上櫃,電子零組件業,0.06,0.21,-0.36,0.47,0.1,0.11,0.2,0.4,0.22,-0.05,-0.16,0.1,-0.04,0.07,0.14,1.38,-0.66,0.16,0.26,1.53,0.19,0.44,1.07,-0.38,-0.07,0.05,1.55,0.91,0.22,0.46,1.18,0.76,0.21,0.59,0.52,-0.28,-0.46,-0.81,-0.21,1.6,
6126,信音,上櫃,電子零組件業,-0.38,1.82,0.16,-1.59,-0.39,0.05,0.03,-0.69,-1.0,-2.06,-0.3,-8.87,0.09,0.46,1.69,1.68,1.28,1.42,1.89,0.5,-1.39,1.63,1.1,0.97,0.81,1.3,2.21,1.61,1.05,3.33,2.29,2.16,1.7,1.77,2.43,2.21,1.83,2.14,1.93,1.2,1.47
6203,海韻電,上櫃,電子零組件業,2.69,3.26,3.29,3.02,4.59,3.99,3.13,2.46,1.52,0.89,4.84,2.64,2.45,2.44,2.0,2.97,-0.84,1.7,2.17,1.89,0.84,5.99,2.91,2.03,2.88,3.63,3.68,2.14,4.35,4.63,5.69,4.75,5.82,5.15,3.94,2.37,3.22,2.2,3.31,1.68,3.32
6208,日揚,上櫃,電子零組件業,0.05,1.09,1.93,1.33,1.53,0.6,1.87,1.18,1.7,0.62,1.15,0.11,1.78,1.25,1.79,1.01,1.2,2.62,2.58,1.86,1.84,1.96,1.71,1.93,2.14,2.4,2.18,1.78,1.73,2.74,1.58,1.8,1.71,2.65,2.75,1.01,2.15,2.41,2.21,2.15,1.46
6259,百徽,上櫃,電子零組件業,-1.4,0.04,-1.7,-0.84,-1.14,-1.03,-2.05,-0.55,-2.3,-4.99,-2.87,-2.81,-50.26,-3.72,-4.27,-1.75,-5.74,-1.16,-8.43,-3.54,-3.77,-1.87,-2.66,-0.05,0.47,33.43,-2.55,2.68,0.2,-0.19,-1.18,4.07,0.3,-1.31,-0.07,1.39,1.74,2.29,1.63,-0.37,
6275,元山,上櫃,電子零組件業,0.4,0.27,-0.57,0.42,-0.29,1.23,0.31,0.18,0.07,0.47,0.42,-0.41,0.58,1.32,0.68,0.2,0.25,1.62,0.64,0.18,-3.56,0.5,0.35,0.98,0.66,0.53,0.41,0.51,0.7,1.2,1.76,1.73,1.84,1.68,1.58,1.48,1.38,2.17,1.77,0.98,
6292,迅德,上櫃,電子零組件業,2.61,1.92,2.69,2.04,1.57,2.91,1.56,5.01,1.87,2.36,1.31,0.77,1.77,2.19,2.95,3.05,1.21,2.02,2.26,1.87,0.16,3.09,3.97,-1.49,5.05,2.86,3.08,1.51,-2.18,5.27,3.04,2.45,3.42,5.02,1.65,2.48,3.98,-2.44,3.78,3.39,1.55
6538,倉和,上櫃,電子零組件業,,,,,,,,,,5.32,,8.29,2.98,1.85,0.49,2.02,0.19,-0.13,-0.6,-1.12,-1.92,-1.29,0.33,3.01,2.36,2.57,4.58,5.87,6.27,4.31,5.26,3.0,2.25,1.12,1.38,1.5,1.9,1.5,1.87,1.27,1.45
8121,越峰,上櫃,電子零組件業,-0.79,-0.95,-1.03,-0.19,-0.58,-0.39,-0.54,-0.39,-1.1,-1.64,-2.02,-3.22,-2.34,-1.29,-1.92,-7.89,-1.83,0.76,-0.39,-2.08,-0.86,6.53,0.41,-2.84,-1.3,-0.02,-0.23,-2.02,-0.25,1.04,0.22,0.07,0.26,0.55,0.92,0.58,0.41,0.04,0.03,-0.14,-1.55
8155,博智,上櫃,電子零組件業,1.38,0.95,1.15,2.28,2.22,1.86,0.97,2.3,2.02,0.03,0.89,1.91,2.0,2.3,1.65,2.39,1.75,3.35,4.34,4.62,4.18,5.1,2.99,1.57,0.29,2.41,2.96,3.84,5.64,6.26,3.98,3.24,3.07,2.41,2.7,4.25,5.1,5.3,3.32,2.03,1.49
8182,加高,上櫃,電子零組件業,0.43,0.33,0.45,0.79,0.84,0.45,1.4,0.66,0.46,0.18,1.15,0.72,0.47,0.05,0.58,1.19,0.53,1.31,1.12,0.47,0.12,1.34,1.61,0.87,0.76,0.77,1.0,0.75,1.0,1.26,1.41,1.21,1.63,2.54,2.82,2.5,1.92,1.77,1.65,-0.85,-0.16
1580,新麥,上櫃,電機機械,2.52,4.44,6.48,6.05,2.05,5.04,5.5,5.78,2.53,3.18,4.45,5.56,2.05,5.34,6.09,5.72,2.4,4.67,5.88,4.78,1.55,4.43,4.23,5.17,2.36,3.82,5.1,4.78,0.99,2.12,3.94,4.05,2.26,3.64,3.78,5.25,1.59,3.13,2.58,1.9,
1599,宏佳騰,上櫃,電機機械,-1.6,2.02,4.23,2.12,-0.55,-0.29,1.93,2.57,-0.17,3.61,6.11,6.43,2.83,1.09,5.96,2.14,1.11,0.8,2.15,3.35,-0.57,0.91,6.24,2.42,2.35,1.37,1.7,0.79,0.57,1.47,5.19,2.43,3.02,2.82,4.36,2.34,2.45,2.24,2.93,1.39,-1.69
2235,謚源,上櫃,電機機械,,3.2,,4.27,,2.36,2.4,3.04,3.09,3.1,4.38,2.95,2.81,2.89,2.98,3.32,2.04,2.71,1.92,0.66,1.17,1.66,1.97,1.71,2.05,2.03,2.02,0.53,1.37,0.66,1.51,0.88,0.68,0.44,1.08,0.56,2.26,2.48,4.35,-1.16,0.38
3426,台興,上櫃,電機機械,,,,,,,,,,5.14,,4.13,1.14,0.0,3.85,4.09,2.68,3.67,4.02,2.56,2.19,3.78,3.03,1.69,1.18,1.92,2.46,0.47,1.26,1.52,1.96,1.17,0.97,1.49,2.26,1.92,1.22,2.57,1.92,1.38,1.04
4510,高鋒,上櫃,電機機械,0.52,1.85,1.83,1.26,2.08,0.56,1.18,1.66,1.17,0.63,1.56,-0.31,0.02,0.78,0.7,0.14,-0.15,0.44,1.32,-0.23,0.03,0.37,1.94,-0.05,-0.03,-0.1,0.21,-0.71,-0.64,0.15,0.62,-0.41,-0.85,-0.33,0.49,-0.13,0.24,0.23,0.67,-0.21,-0.11
4535,至興,上櫃,電機機械,1.53,1.68,1.36,1.61,2.1,1.48,1.52,1.66,1.63,1.83,2.67,2.11,2.35,2.01,2.42,2.51,2.16,2.15,2.51,1.85,1.71,2.12,1.25,-0.19,1.05,1.05,1.66,0.4,1.31,0.49,1.36,2.0,3.06,2.0,1.7,1.72,2.65,2.57,2.49,1.94,
4538,大詠城,上櫃,電機機械,,0.92,,2.21,,2.29,,1.86,,2.0,,1.27,,2.44,,2.46,,3.72,,3.63,,3.7,3.08,2.52,1.21,1.78,1.31,1.36,0.57,0.94,0.09,1.71,1.07,0.97,1.57,1.37,0.58,2.58,3.19,2.69,3.06
4549,桓達,上櫃,電機機械,,,,,3.09,5.53,4.03,4.1,1.81,2.59,2.43,2.02,3.32,1.77,2.07,4.32,1.76,4.28,3.31,3.45,2.75,3.48,3.42,3.7,3.13,3.56,3.21,2.75,1.44,3.59,4.12,3.24,2.54,3.66,4.45,3.04,2.87,4.45,4.23,2.95,
4558,寶緯,上櫃,電機機械,,,,,,2.25,,1.29,,0.41,,2.68,,3.05,,2.1,,2.37,,1.78,,0.54,,2.0,,0.73,,0.65,,0.26,,5.94,,5.43,3.08,2.8,2.23,0.07,-0.37,0.7,
8027,鈦昇,上櫃,電機機械,,,,,,0.73,4.3,1.93,1.01,-0.45,0.55,-0.9,-3.13,-0.89,-1.09,-2.17,-0.88,-0.34,-1.58,-2.42,0.29,1.51,0.09,2.21,-1.51,1.61,-0.98,-3.03,-0.83,2.45,2.14,2.59,3.18,2.11,1.85,1.19,3.0,4.1,2.08,0.25,0.32
8083,瑞穎,上櫃,電機機械,4.26,4.55,4.8,4.16,6.44,5.88,6.38,5.5,6.02,5.12,6.0,4.79,6.0,6.87,6.36,5.64,4.4,5.55,5.85,4.67,4.93,6.12,4.57,4.23,5.13,5.37,5.11,3.4,5.03,4.9,5.3,6.13,4.83,4.46,3.57,3.33,4.54,4.86,5.32,1.3,1.99
9951,皇田,上櫃,電機機械,4.76,5.22,5.06,5.33,5.45,3.98,2.58,5.34,2.73,4.55,5.2,4.81,4.51,4.15,3.61,4.88,3.22,3.32,2.98,3.32,3.41,1.72,1.88,3.27,2.56,2.38,2.29,3.05,1.4,1.42,2.98,4.04,2.43,2.1,1.24,1.65,1.66,1.08,2.49,2.43,1.81
3483,力致,上櫃,電腦及週邊設備業,-1.18,-0.79,-0.18,0.15,0.1,0.04,-0.6,0.5,-0.31,-2.11,0.21,1.19,-0.27,0.77,0.81,1.97,-0.61,-0.74,0.61,0.84,-1.46,0.21,1.56,0.7,-0.47,0.84,2.39,1.29,0.11,3.15,1.81,0.61,0.77,1.39,1.44,2.08,1.68,1.84,2.06,0.71,0.43
5289,宜鼎,上櫃,電腦及週邊設備業,5.4,4.57,3.74,3.76,4.24,4.89,4.99,6.91,3.71,3.55,5.54,4.61,3.21,2.17,2.47,2.99,2.05,4.22,5.66,5.09,5.25,4.7,3.46,3.23,4.73,4.26,5.17,4.15,5.4,4.04,3.28,3.0,4.03,6.76,7.16,3.75,4.59,6.18,6.36,4.4,3.75
5356,協益,上櫃,電腦及週邊設備業,3.26,4.58,2.73,2.03,2.84,3.0,14.58,1.24,1.84,0.79,2.52,2.2,1.69,1.91,1.65,1.77,1.77,2.08,1.73,0.76,0.01,0.75,1.02,0.7,0.34,1.12,1.33,0.96,0.14,1.09,1.54,1.47,0.09,0.0,-0.19,-0.42,-0.61,-0.48,0.39,-0.41,1.28
6276,安鈦克,上櫃,電腦及週邊設備業,1.57,1.84,-0.26,0.52,1.71,0.66,0.47,0.76,-0.87,-2.48,-2.56,-5.75,-2.58,-5.66,-1.35,0.89,-2.19,-0.13,0.6,-3.28,-1.1,1.3,0.03,-0.15,0.21,1.74,1.05,1.21,2.68,3.52,4.1,4.63,5.35,0.62,-1.69,-0.89,-1.47,0.06,0.48,5.37,4.32
1264,德麥,上櫃,食品工業,,9.63,,10.03,,8.17,3.98,5.98,4.82,3.89,3.62,4.13,4.17,4.04,4.52,5.23,4.37,4.01,4.39,4.52,3.69,4.15,4.71,4.27,3.89,4.24,4.2,4.44,3.45,3.77,5.5,4.82,4.47,3.7,4.34,5.19,4.31,3.99,4.05,4.06,
4205,中華食,上櫃,食品工業,2.16,2.87,2.35,2.37,2.26,2.12,3.0,2.48,2.45,3.0,3.97,3.17,3.28,3.46,4.08,3.72,3.5,3.6,3.94,4.72,3.44,3.34,3.65,3.23,2.92,3.84,4.63,4.16,4.16,4.02,5.19,4.23,3.55,3.51,4.07,4.73,3.72,3.34,4.2,4.61,3.55
