sid,name,market,產業,2013Q1,2013Q2,2013Q3,2013Q4,2014Q1,2014Q2,2014Q3,2014Q4,2015Q1,2015Q2,2015Q3,2015Q4,2016Q1,2016Q2,2016Q3,2016Q4,2017Q1,2017Q2,2017Q3,2017Q4,2018Q1,2018Q2,2018Q3,2018Q4,2019Q1,2019Q2,2019Q3,2019Q4,2020Q1,2020Q2,2020Q3,2020Q4,2021Q1,2021Q2,2021Q3,2021Q4,2022Q1,2022Q2,2022Q3,2022Q4
1516,川飛,上市,其他,-80.38,-11.44,31.92,12.62,43.91,-36.95,22.6,-11.69,123.62,0.02,-37.18,-140.47,54.11,218.58,-347.55,-21.11,-45.62,142.11,-322.5,-223.94,137.3,25.27,-118.01,262.14,4375.09,-41.31,-28.34,61.89,-114.59,85.71,40.06,4.74,-218.46,-32.79,59.71,-20.17,15.97,-105.28,-1.1,130.47
2348,海悅,上市,其他,-26.18,-60.62,-28.32,7.06,-0.42,-4.88,-1.43,2.76,3.71,6.63,-2.81,30.03,6.67,0.86,3.83,15.06,5.04,11.78,18.01,23.16,36.02,7.67,13.29,-33.83,-0.55,-2.08,-18.02,-22.02,-6.17,-7.0,-2.96,2.13,-12.32,-10.78,-12.53,0.65,-2.51,-0.49,-1.69,-2.27
3557,嘉威,上市,其他,-3.99,3.25,1.75,4.66,-15.89,1.35,-5.17,2.47,-6.11,15.2,3.2,-4.39,0.19,2.43,-2.04,-0.73,-4.59,37.39,-15.9,-7.34,-4.67,-3.31,-12.14,8.12,-19.85,6.17,-4.35,-7.83,11.75,18.62,13.0,-11.14,8.25,5.26,-8.64,4.88,6.31,6.65,27.59,1.1
5306,桂盟,上市,其他,6.36,22.04,21.51,14.79,15.79,16.86,8.87,10.57,17.69,6.73,4.52,12.92,8.81,6.57,6.61,6.27,6.88,2.71,5.16,5.87,8.58,3.0,9.28,1.99,8.38,7.8,7.53,5.79,12.9,5.54,11.36,14.61,12.6,4.94,8.92,15.03,12.76,7.7,14.86,16.53
5871,中租-KY,上市,其他,0.69,-1.81,1.31,1.91,1.16,0.39,2.78,-0.01,1.56,-0.67,1.86,0.57,0.69,-0.19,2.65,-1.41,-0.14,-0.2,2.98,-2.15,0.1,0.89,2.53,-0.86,0.95,-0.91,1.74,0.42,3.2,0.0,-1.15,0.56,0.73,2.39,1.01,1.67,0.86,0.63,-2.2,2.84
6504,南六,上市,其他,3.96,7.15,8.02,9.98,4.75,8.57,1.99,6.2,1.37,1.97,11.84,8.28,8.37,8.03,3.14,11.41,12.64,1.7,3.84,5.51,-1.27,5.72,5.25,9.38,2.67,3.91,2.37,4.27,2.81,10.9,7.07,2.2,5.88,1.61,5.3,1.33,4.02,-2.05,1.63,2.23
9802,鈺齊-KY,上市,其他,4.51,8.09,0.26,-1.37,12.83,4.54,5.63,-4.18,19.56,-2.3,18.74,0.24,27.85,-6.04,25.62,-3.14,25.04,-7.35,20.96,-2.4,20.19,-4.59,21.17,-10.48,8.66,-4.81,31.13,3.89,12.48,1.45,18.26,-3.24,4.53,-3.89,5.18,2.31,0.95,6.04,13.87,15.66
9911,櫻花,上市,其他,20.35,-5.11,16.59,6.51,15.64,-10.58,16.06,9.31,13.09,4.81,11.89,1.92,6.07,17.43,6.98,16.21,19.32,5.15,-5.05,10.58,21.6,-2.37,7.52,9.38,16.88,9.66,21.02,15.29,19.82,2.44,20.78,17.22,19.47,1.15,2.66,12.52,16.95,-0.89,10.18,6.26
9914,美利達,上市,其他,8.34,15.25,14.01,-6.0,3.01,15.94,10.85,2.87,-0.49,7.6,12.54,-2.35,-0.27,9.3,8.39,0.11,-8.99,2.49,10.86,-2.5,-4.69,7.12,10.77,-7.88,-5.51,15.53,3.32,-4.76,-5.09,17.19,10.57,-5.67,-1.17,2.41,6.84,-3.43,3.17,1.92,5.51,-2.23
9929,秋雨,上市,其他,0.23,4.19,2.23,0.3,1.27,-4.65,-0.46,3.67,0.23,-1.25,-3.65,-2.0,5.32,-72.02,9.19,6.93,-10.5,10.3,2.09,6.0,-6.43,7.33,6.18,0.78,-1.1,2.36,4.26,6.59,6.95,-11.02,14.47,4.64,0.34,1.41,-6.99,2.42,-2.03,-0.91,2.11,4.45
9933,中鼎,上市,其他,-4.16,-1.37,-8.36,4.15,8.27,3.92,-0.38,2.49,4.05,-6.97,-2.45,-7.27,19.34,-0.17,5.04,12.1,-8.49,10.95,-4.69,11.26,-13.43,0.96,-2.82,4.35,9.31,1.13,1.45,6.12,-6.16,-9.65,1.36,8.71,18.83,-6.06,-2.48,11.39,1.1,1.8,1.13,-4.02
9940,信義,上市,其他,0.96,-28.63,7.7,19.13,-19.03,2.46,-0.12,4.95,-13.41,7.52,2.12,16.43,1.85,7.67,1.55,10.35,-4.66,3.14,-27.53,-16.46,-8.98,8.18,0.07,9.67,22.4,-0.02,4.83,2.34,-5.01,4.51,7.83,10.21,-1.59,10.65,10.66,13.04,-6.88,-1.64,-0.58,5.9
9945,潤泰新,上市,其他,-2.34,-1.93,5.21,-0.81,-0.79,-0.71,1.97,-0.41,-2.16,-1.01,2.18,4.31,-0.15,-0.86,3.45,0.85,-9.39,-2.63,2.36,21.2,0.56,-0.81,2.56,1.14,1.81,-0.09,2.3,0.99,0.1,0.18,-0.42,2.76,0.93,-1.19,2.79,6.22,2.31,-2.15,5.66,2.32
3030,德律,上市,其他電子業,17.95,2.33,25.27,58.91,-25.54,1.7,28.06,65.18,16.98,6.66,-5.52,42.45,25.33,14.24,-30.09,47.29,28.04,4.4,1.55,-3.35,4.72,-5.54,7.83,53.23,37.36,10.47,28.33,29.82,11.76,9.84,8.15,46.35,14.87,11.84,-3.44,9.61,-4.27,12.26,28.97,35.88
6139,亞翔,上市,其他電子業,0.58,-11.97,-6.91,2.81,-4.45,7.53,0.87,-6.09,-3.3,-2.56,-7.93,11.02,3.05,-4.58,-2.51,9.93,-11.15,-6.84,0.23,2.92,3.68,2.31,-7.2,21.86,-8.74,-5.74,3.67,-1.11,-6.82,2.6,1.9,1.77,-1.79,-7.07,6.57,7.81,-2.0,4.11,25.31,0.71
2302,麗正,上市,半導體業,-0.24,4.31,-2.79,-1.25,-1.87,-9.26,-2.21,1.99,2.78,3.96,28.89,47.62,12.78,-1.94,14.06,12.63,-14.22,9.72,2.74,-0.67,2.49,11.37,-7.15,-2.01,8.06,3.55,10.53,0.62,5.39,3.09,37.04,-15.75,-1.32,4.56,3.11,5.25,4.95,32.79,18.95,39.25
2303,聯電,上市,半導體業,11.46,10.27,14.87,13.07,7.43,8.66,14.26,21.35,18.38,10.72,15.48,14.21,9.83,3.76,8.9,9.26,8.18,8.58,6.74,7.16,5.18,8.39,9.85,7.67,4.98,7.31,-1.82,23.03,9.85,10.36,12.58,11.34,12.64,12.74,12.92,14.64,16.67,16.21,19.44,20.73
2330,台積電,上市,半導體業,25.11,17.76,25.66,24.75,23.67,17.46,23.19,34.19,36.03,20.48,27.78,33.27,27.27,17.57,29.07,37.31,33.66,16.05,28.48,43.51,36.32,23.06,23.88,45.89,34.39,17.19,25.93,31.58,30.47,23.42,22.44,28.47,23.29,17.06,25.42,24.33,22.27,18.46,21.82,24.29
2338,光罩,上市,半導體業,-8.41,36.95,35.16,17.99,28.75,4.33,4.35,37.93,12.33,9.3,21.72,42.69,-1.08,-9.16,32.48,-5.69,-0.13,17.11,112.23,26.61,-21.2,0.99,-17.76,14.12,2.72,4.81,8.16,11.79,13.25,-5.24,-8.58,1.11,3.4,-0.27,-17.56,3.61,-0.93,-1.4,4.14,8.47
2344,華邦電,上市,半導體業,2.59,10.98,11.95,12.01,9.09,11.04,9.19,10.16,7.77,7.07,7.23,10.3,7.77,11.87,12.46,13.63,9.47,8.52,11.35,17.78,15.1,12.43,9.46,9.78,6.08,6.52,4.63,9.51,4.36,6.27,3.91,8.18,6.08,11.34,15.26,18.88,10.37,4.3,2.78,2.07
2351,順德,上市,半導體業,6.49,5.3,2.85,4.95,7.63,5.97,4.26,10.07,1.14,5.83,5.04,20.58,4.61,7.56,6.07,13.95,-1.15,3.19,4.49,8.33,3.95,7.42,9.33,10.12,5.26,0.28,4.11,12.48,8.37,1.07,3.33,10.68,8.16,-1.98,0.38,2.96,1.44,3.28,11.2,16.01
2379,瑞昱,上市,半導體業,9.51,2.4,9.97,10.17,7.78,8.27,7.28,8.01,-0.6,0.88,2.59,10.13,9.01,4.58,1.7,3.5,2.12,2.35,2.36,5.55,6.5,8.46,3.39,6.08,4.98,8.68,3.87,9.97,0.64,6.33,10.99,11.6,5.44,10.73,7.09,6.15,14.94,8.09,5.46,-2.31
2388,威盛,上市,半導體業,-18.4,-18.66,-11.49,10.59,10.98,1.81,-2.9,-1.85,-5.05,-3.42,-3.8,-2.17,-10.81,0.78,-4.85,1.84,-11.7,-6.64,6.8,0.17,-15.18,-2.99,-4.57,-0.74,-5.41,-0.91,-1.3,-1.92,-2.71,-0.63,-2.2,2.64,-13.94,-7.0,-5.08,41.81,-3.87,5.6,2.09,1.36
2436,偉詮電,上市,半導體業,-2.19,-4.55,-1.93,16.57,5.41,3.56,-22.37,4.32,12.06,3.07,-5.86,2.22,9.97,2.68,-4.07,2.61,8.4,-1.92,-12.3,9.44,5.97,-2.6,-1.98,20.82,15.77,4.96,17.14,-17.29,1.48,-3.95,-7.46,11.02,9.96,4.17,-0.14,2.83,-8.47,-8.01,-2.61,1.83
2449,京元電子,上市,半導體業,11.61,6.59,12.77,10.74,10.19,7.63,10.2,13.62,13.5,9.41,11.91,12.63,9.54,8.19,11.16,11.87,14.96,10.18,12.52,14.62,9.07,10.25,11.39,11.77,9.25,5.96,12.84,12.04,9.34,8.77,8.86,12.26,9.18,7.98,6.41,13.24,12.41,11.82,12.88,12.21
2454,聯發科,上市,半導體業,8.22,16.81,18.78,26.27,13.03,11.91,11.28,10.05,5.44,-0.99,0.6,17.44,7.43,7.99,2.3,7.42,-0.87,-0.76,5.16,12.53,-1.19,5.05,2.73,6.77,1.29,8.64,5.1,13.57,1.39,4.51,21.32,24.31,-0.83,11.56,-2.06,10.89,12.16,10.52,9.1,35.7
2458,義隆,上市,半導體業,18.54,9.68,23.42,18.92,23.21,8.34,10.55,19.02,13.05,10.47,3.2,3.18,15.43,2.32,-4.77,34.07,10.24,6.05,17.14,19.66,5.25,10.71,10.14,23.49,13.39,3.17,2.36,26.76,15.6,6.79,19.07,26.45,24.69,13.64,15.29,28.87,11.94,1.35,4.21,-9.3
2481,強茂,上市,半導體業,1.97,-1.02,4.66,2.82,5.89,5.37,0.87,-1.19,1.51,5.1,0.5,5.82,3.37,4.95,5.43,7.02,6.81,2.54,0.74,7.87,-1.53,4.28,2.5,12.84,3.52,3.8,2.46,-1.68,2.22,5.85,1.91,7.58,-4.49,10.28,7.91,-6.61,-7.15,5.01,7.08,7.8
3014,聯陽,上市,半導體業,7.6,3.84,12.05,14.27,22.94,8.65,8.34,4.17,-11.71,-2.74,51.57,-0.14,11.35,-3.47,47.29,0.86,21.93,-1.5,51.68,4.11,23.19,20.59,2.23,2.12,-3.87,12.95,40.26,24.58,5.87,-26.36,13.97,23.91,13.2,6.55,16.1,12.14,6.38,-3.76,85.73,16.92
3016,嘉晶,上市,半導體業,14.95,3.25,5.71,13.94,6.49,85.86,-1.97,5.41,31.9,44.26,-110.86,21.46,17.24,2.12,21.4,29.56,-8.55,16.37,10.9,-0.78,12.64,9.09,9.56,4.53,3.78,-3.36,0.11,17.46,3.77,4.64,2.31,14.12,4.13,6.02,8.53,14.54,14.41,7.31,2.26,19.94
3035,智原,上市,半導體業,15.11,11.85,27.34,48.59,17.99,-4.9,-2.63,48.69,23.7,-3.07,8.9,12.45,-4.67,-4.08,4.19,22.37,23.82,17.98,19.29,10.97,18.76,-0.7,-1.65,3.28,10.55,6.83,-2.23,20.27,5.45,7.19,5.79,15.37,29.45,4.9,25.19,21.84,20.05,-5.75,14.8,-6.66
3189,景碩,上市,半導體業,16.75,9.53,15.83,13.18,12.06,14.03,14.62,20.37,11.85,8.25,21.95,19.08,11.91,14.0,8.68,17.28,22.12,14.98,1.92,14.97,6.57,5.25,8.61,10.95,9.24,-1.32,2.1,13.77,7.85,10.99,6.5,15.66,8.85,9.05,19.16,12.27,7.68,10.16,13.15,20.3
3443,創意,上市,半導體業,33.07,8.42,-20.92,9.57,32.52,16.12,35.8,1.59,20.88,-6.13,19.69,17.17,13.57,-1.18,11.53,32.12,-12.94,-1.5,39.01,17.51,-3.71,14.59,1.64,-13.27,-5.77,-2.13,16.32,-6.9,5.79,28.72,-3.5,34.34,18.38,24.91,-0.9,14.42,0.21,3.69,3.9,5.88
3450,聯鈞,上市,半導體業,-0.01,25.34,15.92,11.21,18.78,20.76,17.66,28.24,21.33,18.66,18.75,23.44,22.39,15.68,6.27,25.87,12.33,9.45,8.41,26.88,22.48,10.51,17.99,15.6,7.02,6.94,14.73,15.04,4.1,15.96,6.58,19.38,10.06,13.15,4.56,7.93,10.38,2.02,15.56,11.8
3545,敦泰,上市,半導體業,-8.05,-12.85,-8.4,0.14,11.52,-5.14,4.95,6.45,-6.27,12.93,4.54,3.58,10.68,-1.17,-5.91,28.15,-26.28,-9.56,15.47,4.63,11.79,14.09,8.68,-14.99,-18.16,-1.25,27.79,0.31,-11.75,-17.17,17.9,21.69,14.78,21.19,26.51,4.7,0.81,-19.76,-10.35,2.75
3661,世芯-KY,上市,半導體業,,38.94,,150.34,45.7,58.48,-4.89,40.68,43.0,-16.25,8.02,30.7,40.01,-12.02,36.69,18.21,66.01,38.84,-22.55,128.1,18.07,91.9,24.95,-17.37,-32.62,66.62,31.93,33.1,34.57,33.92,27.89,20.13,3.55,0.3,4.43,-0.33,0.7,13.53,-10.15,-4.03
3686,達能,上市,半導體業,-5.15,-3.39,-3.39,-0.1,-4.97,0.72,8.06,7.02,10.06,-13.88,12.1,13.54,21.86,16.69,-35.27,-16.73,1.29,-17.3,-7.02,29.0,-78.33,0.07,-91.0,2.77,-0.89,1.37,-12.82,-9.34,-0.56,-6.95,-4.9,-0.42,-7.19,-3.74,7.83,-77.86,-265.63,-84.58,-55.6,-761.05
4919,新唐,上市,半導體業,6.88,12.11,17.52,7.64,15.13,5.37,7.21,7.15,5.08,9.51,-3.27,9.04,10.48,10.11,1.49,7.29,-8.68,3.19,8.28,11.85,-7.36,16.11,5.16,17.87,-1.11,8.92,0.85,12.56,-5.75,7.22,2.38,3.01,0.96,5.33,4.7,11.47,3.97,7.89,5.63,-0.84
4967,十銓,上市,半導體業,,1.35,,7.94,,-8.24,,10.72,,24.38,,-10.5,,-15.24,,-4.58,,19.21,,4.79,,18.37,0.15,73.22,-29.56,-38.63,-3.59,-19.97,-29.42,26.3,-21.24,-8.69,-25.58,-5.66,68.16,4.98,12.76,90.55,11.91,-13.26
4968,立積,上市,半導體業,,10.74,,6.3,,11.35,,28.68,8.56,11.67,-2.24,31.06,23.62,8.67,7.26,15.55,-17.14,0.53,6.4,2.04,21.93,18.11,-3.83,12.22,0.38,11.19,10.76,6.66,4.63,-5.02,-1.8,22.69,3.67,4.74,8.16,-8.99,22.85,9.73,-17.54,15.93
5222,全訊,上市,半導體業,,33.89,,-27.34,,-33.64,,-7.65,,-23.52,,-9.35,,-36.44,,35.44,,42.5,,38.09,,4.54,,38.7,,-11.34,,32.05,23.61,-19.05,,45.53,26.65,12.17,39.02,35.26,12.3,-0.43,25.14,13.59
5269,祥碩,上市,半導體業,-74.05,-0.2,64.78,32.42,-11.03,50.45,78.03,35.16,54.27,11.4,55.94,49.95,50.81,-1.36,18.48,10.81,54.4,6.18,40.94,58.45,40.7,32.57,21.35,40.62,44.9,33.82,36.55,35.8,-7.03,34.97,58.11,67.27,5.99,9.38,57.16,5.42,-1.92,-2.71,66.8,22.62
5285,界霖,上市,半導體業,,4.31,12.22,9.93,-6.94,12.3,-10.32,9.94,8.85,8.6,6.47,24.66,9.33,-0.47,-11.82,33.3,-2.73,0.39,-7.87,4.81,-0.63,0.9,9.08,5.2,3.42,3.15,3.33,1.07,5.87,3.39,4.59,1.16,1.25,-0.09,8.25,2.0,2.08,4.5,7.0,7.45
5471,松翰,上市,半導體業,2.0,7.6,32.45,35.42,16.99,2.87,25.49,33.71,7.96,7.12,36.11,28.21,-13.94,16.6,15.26,5.21,-4.85,3.49,13.47,25.84,-8.3,11.15,14.55,43.09,13.38,13.51,19.28,5.55,18.98,24.32,11.71,46.37,22.49,27.77,19.69,22.91,16.49,11.94,0.64,16.3
6257,矽格,上市,半導體業,14.37,12.32,15.05,19.6,14.63,7.72,10.2,14.24,12.45,4.35,8.78,23.04,16.94,6.62,8.7,15.95,11.37,10.04,8.18,11.62,12.84,9.14,12.64,19.17,11.21,5.59,9.75,12.15,7.47,8.59,7.23,10.46,4.74,28.71,9.15,-2.63,6.73,10.05,12.21,11.88
6271,同欣電,上市,半導體業,42.15,14.81,51.45,23.44,22.22,3.32,13.05,7.77,5.24,1.94,8.98,12.68,6.87,7.21,8.79,18.2,15.87,30.25,17.59,29.27,17.74,12.0,16.81,26.92,14.57,16.33,9.42,40.77,28.89,-12.75,13.29,43.25,1.92,32.22,37.95,35.38,23.08,11.56,24.19,10.61
6415,矽力*-KY,上市,半導體業,,,,155.69,26.49,28.67,41.73,68.43,35.98,36.82,18.48,47.81,3.93,5.31,25.36,15.17,19.97,16.45,37.11,56.75,32.8,32.05,37.56,86.55,41.26,49.79,35.29,76.33,44.23,25.33,91.03,103.54,58.08,58.69,104.1,72.99,41.34,66.97,19.75,40.7
6533,晶心科,上市,半導體業,,,,,,,,,,86.25,,-65.53,-78.33,-51.17,-145.14,54.98,-47.92,86.33,-68.92,148.22,-77.12,-31.22,62.43,7.82,15.45,-0.88,5.79,-2.83,27.44,-10.95,6.31,30.01,50.63,37.36,31.84,17.82,57.15,44.02,94.71,-4.26
8028,昇陽半導體,上市,半導體業,,,,,,,,,,7.87,,23.91,,20.92,,22.99,,20.39,,19.67,1.44,7.8,16.83,23.14,12.22,6.19,5.74,9.65,5.02,3.91,5.09,5.79,4.58,8.12,3.27,5.86,4.13,3.28,2.85,5.49
8081,致新,上市,半導體業,24.19,11.76,24.42,8.21,11.4,4.23,6.59,5.97,11.83,0.68,9.97,8.74,-3.42,-1.47,6.74,4.8,0.39,6.7,5.95,4.64,15.01,5.73,6.53,9.78,9.03,14.11,15.93,13.75,12.61,9.78,16.18,7.2,11.05,20.66,13.38,6.27,12.05,15.11,-10.85,43.45
8261,富鼎,上市,半導體業,20.39,10.92,17.25,31.97,15.26,14.74,14.89,22.92,27.63,-5.17,54.65,39.29,9.99,0.67,-8.06,-10.69,-15.03,-29.0,4.41,4.08,5.34,7.23,-0.98,-11.62,-16.48,5.05,-4.56,8.31,20.52,1.94,10.12,13.13,9.43,23.8,14.01,16.26,18.79,12.12,3.13,14.06
1308,亞聚,上市,塑膠工業,-25.53,5.46,51.68,8.32,-2.26,36.89,49.69,49.66,13.87,24.54,2.57,15.17,-2.95,-18.17,1.01,5.72,-4.58,-4.19,16.1,12.2,0.3,5.16,1.29,-7.64,-14.94,9.07,9.13,3.79,23.47,12.98,0.71,15.71,14.0,21.0,1.63,35.33,28.48,10.02,58.33,49.36
1313,聯成,上市,塑膠工業,-3.83,4.66,5.92,5.8,-5.83,4.8,3.02,6.78,4.5,3.35,-3.29,8.71,2.82,0.57,2.28,1.63,-5.77,7.83,1.56,1.95,-7.33,8.05,-3.85,5.64,-2.33,9.81,4.33,5.35,-8.4,16.34,8.16,1.04,-8.41,4.08,0.84,3.4,-11.87,5.41,9.58,1.38
1326,台化,上市,塑膠工業,2.47,6.67,5.89,3.12,-0.94,2.41,7.34,6.74,9.68,6.46,9.19,8.92,5.52,7.98,15.34,5.89,0.92,7.45,24.17,11.59,1.15,6.45,23.01,4.47,7.2,5.29,20.58,7.61,-2.16,9.83,14.42,9.24,1.09,9.3,7.67,6.99,2.6,-0.57,12.08,3.65
1451,年興,上市,紡織工業,-5.92,3.28,13.82,7.21,11.66,-0.53,13.67,12.81,6.19,-4.59,20.05,16.56,15.38,3.15,25.64,9.28,-0.86,1.69,4.57,7.59,1.25,-8.94,5.61,8.18,3.4,-9.25,3.87,1.68,-8.65,-6.96,5.09,14.7,28.62,-13.38,8.61,3.5,-14.42,-4.15,1.26,34.5
4426,利勤,上市,紡織工業,1.81,16.21,-2.6,16.34,15.66,16.46,4.37,26.6,15.81,10.5,12.71,29.39,18.01,18.07,12.88,22.24,6.77,5.87,0.98,7.3,7.84,9.54,7.25,13.16,9.0,12.38,7.51,14.34,9.89,0.24,3.59,5.7,2.79,-1.11,-4.42,-3.92,-1.46,3.47,2.78,-0.29
2905,三商,上市,貿易百貨,,,,,,,,,,,,,,,,,,,,,,,,,,,,,,,,,,,,,,,,
2929,淘帝-KY,上市,貿易百貨,-2.47,-4.8,29.05,7.71,39.44,-4.47,32.3,7.68,25.77,6.62,18.55,3.04,33.33,3.13,9.84,-6.68,27.26,5.2,12.46,-1.34,26.67,-0.33,7.22,4.12,20.24,4.84,10.28,4.86,28.25,-4.35,-47.94,-33.71,-40.32,-8.12,-28.41,-11.18,-0.11,1.78,8.1,-14.95
5907,大洋-KY,上市,貿易百貨,-6.09,-0.02,-4.05,17.24,-7.85,0.82,-1.5,13.5,-5.73,-3.72,-5.39,11.31,-6.74,0.83,-2.29,16.59,-4.74,-2.86,-4.34,16.37,-5.01,-3.05,-0.14,15.68,-2.41,-0.01,1.36,11.09,-9.24,1.87,2.31,6.86,-0.76,1.5,-1.07,6.42,-2.36,2.19,-0.14,-1.34
8454,富邦媒,上市,貿易百貨,,,,,,19.21,10.32,20.25,2.41,3.71,3.53,20.34,4.38,7.8,2.09,15.46,5.12,7.33,-2.0,16.2,15.62,-1.78,3.32,19.74,6.91,4.98,35.84,-22.47,10.7,12.72,-0.9,16.29,5.44,28.3,-9.29,15.75,3.4,13.25,-4.95,19.85
2345,智邦,上市,通信網路業,-8.07,1.93,8.01,18.0,-3.59,0.49,5.62,-1.22,5.64,14.48,11.07,-2.81,-3.7,6.18,25.24,19.74,-9.26,-3.62,-4.37,5.44,21.43,-18.28,8.5,9.64,8.99,10.87,4.86,30.43,-1.27,-3.99,11.0,16.43,10.2,-3.38,-3.94,5.06,-0.38,1.0,30.03,9.1
1905,華紙,上市,造紙工業,-2.32,2.04,-0.38,-2.12,-3.85,3.29,3.67,4.2,0.6,1.89,7.04,4.43,-2.79,9.6,2.86,7.39,2.83,4.66,2.45,5.12,0.15,1.54,3.43,-1.29,1.58,3.92,-1.88,2.49,-2.07,-2.39,5.05,1.35,2.87,0.84,-1.06,0.54,2.5,4.61,-3.18,-0.98
1907,永豐餘,上市,造紙工業,0.82,1.31,1.53,-1.09,-3.06,2.62,1.27,2.82,0.61,1.06,2.92,2.17,0.44,1.86,3.96,1.95,0.3,1.72,1.44,2.11,1.52,0.29,1.58,3.56,3.13,2.19,4.51,5.02,0.97,1.48,5.62,4.04,2.17,3.37,4.8,2.13,2.4,2.32,5.49,1.23
2836,高雄銀,上市,金融保險業,,,,,,,,,,,,,,,,,,,,,,,,,,,,,,,,,,,,,,,,
2851,中再保,上市,金融保險業,,,,,,,,,,,,,,,,,,,,,,,,,,,,,,,,,,,,,,,,
2867,三商壽,上市,金融保險業,,,,,,,,,,,,,,,,,,,,,,,,,,,,,,,,,,,,,,,,
2884,玉山金,上市,金融保險業,,,,,,,,,,,,,,,,,,,,,,,,,,,,,,,,,,,,,,,,
2887,台新金,上市,金融保險業,,,,,,,,,,,,,,,,,,,,,,,,,,,,,,,,,,,,,,,,
5876,上海商銀,上市,金融保險業,,,,,,,,,,,,,,,,,,,,,,,,,,,,,,,,,,,,,,,,
2347,聯強,上市,電子通路業,1.8,-7.4,0.07,9.78,-2.26,-0.54,6.4,1.69,5.8,-2.04,-4.44,-4.01,7.29,5.72,1.8,-4.88,8.48,-8.34,11.8,-8.34,9.71,-10.85,0.72,0.81,12.0,2.32,9.14,-2.68,8.55,-2.4,4.53,-14.11,9.8,-5.48,1.6,-11.77,1.06,-8.35,1.02,-4.36
3048,益登,上市,電子通路業,-8.86,7.71,-9.83,8.6,-7.47,9.05,-11.45,-0.94,-13.48,35.06,-14.19,3.75,1.56,6.53,-33.83,36.34,-10.3,10.02,2.45,-4.94,-4.06,4.61,2.27,3.44,1.77,3.5,-0.39,3.8,-5.62,-3.61,-2.76,7.98,-15.37,10.56,1.52,1.26,-15.29,17.79,-16.64,2.19
2308,台達電,上市,電子零組件業,7.18,9.65,3.07,9.49,8.32,9.26,3.98,8.18,5.43,7.32,1.14,15.69,5.64,7.64,5.9,10.13,7.43,8.14,0.51,8.19,3.4,2.02,5.87,8.46,5.31,4.1,7.54,13.44,6.7,6.14,5.64,12.46,7.12,3.35,3.36,2.94,4.01,5.79,5.63,8.16
2355,敬鵬,上市,電子零組件業,6.79,11.76,2.44,12.41,1.7,6.42,7.71,5.35,4.01,5.59,5.69,11.94,7.99,10.06,10.28,11.47,3.54,3.52,7.53,13.95,-0.26,7.71,11.87,2.62,-0.75,11.69,9.99,3.14,4.1,2.43,7.84,5.28,-1.84,0.1,-1.49,1.03,-2.76,9.32,5.91,17.84
2368,金像電,上市,電子零組件業,0.11,-1.61,-1.41,7.45,0.09,-0.26,4.25,2.27,4.8,4.16,0.3,3.83,2.28,1.32,5.19,2.67,3.72,-1.97,-0.83,7.33,-1.38,0.69,3.83,2.42,2.59,3.95,0.52,5.96,0.69,4.74,7.52,9.48,4.41,4.07,4.51,5.18,1.81,7.51,7.76,9.94
2383,台光電,上市,電子零組件業,6.27,0.05,2.56,7.62,10.93,-0.3,8.57,4.89,9.37,9.45,10.47,14.39,9.33,1.99,6.91,13.07,11.06,3.32,6.44,11.16,8.64,3.86,3.85,4.76,3.24,5.11,4.78,8.18,10.62,0.64,6.79,13.11,9.29,5.97,0.73,9.97,9.76,6.08,4.31,15.37
2428,興勤,上市,電子零組件業,14.08,5.52,0.4,17.65,15.52,13.94,3.93,9.17,16.49,10.02,5.82,30.85,17.42,7.21,13.32,11.88,18.98,10.15,8.41,14.45,9.68,12.73,13.58,24.77,20.83,15.08,17.25,18.35,21.8,8.22,9.06,9.21,8.41,10.38,6.87,11.91,5.78,10.35,9.76,13.11
2472,立隆電,上市,電子零組件業,4.76,0.32,11.9,8.08,2.92,1.67,7.22,10.54,10.52,3.11,7.09,13.2,-1.92,2.61,5.21,8.3,0.66,2.57,-1.46,2.14,4.62,1.16,4.74,10.33,0.57,8.64,9.41,11.99,23.53,0.33,11.47,11.73,5.58,-7.54,1.18,16.52,8.39,10.87,13.97,23.35
2476,鉅祥,上市,電子零組件業,19.3,-6.2,26.12,-24.86,9.22,20.54,19.15,-8.49,6.95,6.32,9.76,16.06,14.53,11.96,4.55,8.27,4.73,0.74,4.95,4.81,1.68,8.83,6.67,5.11,2.96,6.05,13.02,5.26,2.22,-5.11,13.28,-6.75,-3.3,0.99,6.29,12.53,8.67,12.67,6.83,16.02
2493,揚博,上市,電子零組件業,6.63,-10.63,37.97,5.11,6.95,3.86,19.57,0.32,-3.15,5.37,26.1,1.75,20.74,4.89,29.32,4.26,7.16,-8.52,25.11,15.34,5.57,2.39,11.4,4.79,5.21,-1.3,19.19,15.98,-0.03,6.74,11.18,5.97,4.58,10.65,-0.93,15.16,3.36,13.68,4.29,15.86
3003,健和興,上市,電子零組件業,-0.18,8.41,15.38,-3.56,0.47,11.35,10.91,0.56,21.76,18.8,-8.67,20.16,11.16,22.91,10.86,3.93,14.99,9.91,14.94,8.42,4.56,-0.23,20.83,-10.03,7.44,6.5,14.71,13.67,-2.93,13.17,-2.37,15.21,1.34,-4.78,1.33,3.78,7.05,13.83,22.62,19.26
3015,全漢,上市,電子零組件業,2.93,-2.87,6.6,4.22,-1.72,-0.54,2.91,7.29,-10.62,-2.27,1.08,9.75,4.24,-7.78,4.08,2.69,-3.17,-3.88,1.7,0.41,0.18,-6.52,1.96,0.13,1.9,-0.89,0.35,4.7,8.39,-11.08,3.57,5.83,3.19,-4.71,-1.57,3.78,2.19,2.08,10.63,5.35
3021,鴻名,上市,電子零組件業,11.37,-4.68,7.29,-0.09,10.27,-3.82,3.77,2.45,-2.11,-3.25,5.86,-0.91,10.14,-0.16,6.33,18.14,2.34,-0.74,8.32,-5.91,2.18,-3.04,6.25,6.92,0.56,2.9,6.44,11.51,7.06,-2.19,-4.84,5.18,-1.04,1.14,-4.41,5.18,-1.08,0.36,1.33,9.1
3023,信邦,上市,電子零組件業,11.83,3.1,1.95,1.99,5.39,1.55,1.79,3.27,4.87,7.21,2.44,11.7,-1.76,10.29,6.12,6.9,4.38,-0.1,4.89,4.49,-5.76,1.52,5.52,2.53,-3.09,2.36,5.51,13.38,5.39,-0.48,-4.74,5.19,1.53,1.12,1.54,4.41,0.2,2.71,0.78,9.34
3037,欣興,上市,電子零組件業,5.81,4.28,2.66,5.31,2.99,2.83,3.02,4.13,3.95,2.5,4.07,7.7,3.64,3.18,3.65,6.92,2.1,2.71,0.84,4.98,6.17,1.18,7.49,8.84,1.96,6.33,5.49,2.89,5.42,4.78,4.43,12.06,4.96,3.97,13.62,23.57,13.02,10.73,15.46,11.45
3042,晶技,上市,電子零組件業,12.34,5.82,9.02,11.4,9.66,6.56,4.36,10.64,15.27,11.21,4.14,14.69,11.98,8.85,13.09,19.06,13.58,7.37,8.03,7.95,12.94,7.29,3.72,3.29,6.71,14.7,11.79,5.49,0.19,9.93,4.17,14.32,3.18,15.61,10.95,16.14,4.65,11.76,10.14,13.68
3338,泰碩,上市,電子零組件業,,15.2,-0.39,-4.18,20.47,5.62,6.9,9.83,10.12,0.29,10.62,-0.32,-5.03,5.93,5.44,9.27,-1.1,-6.27,2.76,7.83,-8.54,3.86,4.87,3.51,0.52,4.29,0.92,6.98,8.25,7.57,-7.16,7.24,7.76,-2.76,5.5,2.29,4.48,-0.95,17.17,22.65
3533,嘉澤,上市,電子零組件業,0.1,3.82,9.59,-8.43,41.55,2.26,-4.76,13.81,8.7,10.11,6.39,46.23,22.35,7.87,7.38,0.15,6.5,13.41,13.97,2.56,26.6,7.37,3.18,6.65,36.37,16.52,13.15,24.19,32.77,13.83,17.61,11.73,11.9,9.49,5.92,9.28,10.95,17.48,25.05,31.17
3605,宏致,上市,電子零組件業,6.44,0.56,3.03,10.97,3.85,1.67,11.72,11.39,4.66,4.01,3.33,5.72,1.56,-2.97,0.66,6.81,3.54,1.28,5.95,2.86,-2.2,5.26,-0.34,4.37,3.65,3.92,-0.28,8.01,3.74,3.81,-0.22,7.45,1.84,2.74,-0.97,10.66,3.04,1.48,4.93,5.21
3653,健策,上市,電子零組件業,18.4,-0.24,4.76,25.01,22.4,10.15,22.51,14.95,22.99,0.45,16.48,44.3,-1.89,19.08,9.29,21.53,-5.63,1.57,0.25,6.37,-8.34,12.56,6.26,10.21,19.1,17.97,15.95,16.85,12.81,5.35,8.72,7.55,6.35,0.43,3.31,8.28,4.66,5.73,15.42,23.88
4927,泰鼎-KY,上市,電子零組件業,-2.61,-2.71,4.0,7.32,8.84,1.43,0.4,5.64,5.18,-4.03,-1.79,11.15,2.97,1.0,2.83,3.92,1.67,1.64,-0.96,10.99,6.84,-0.93,-1.79,9.81,15.19,0.15,3.34,6.34,20.25,6.81,2.46,4.04,6.61,4.45,3.05,-1.84,3.54,1.69,-1.35,9.63
4943,康控-KY,上市,電子零組件業,,6.4,,3.48,,13.59,,8.01,,19.38,,15.46,-0.53,13.04,-1.64,-2.19,7.51,-8.59,1.84,8.04,31.82,-3.51,-2.08,1.72,-6.25,8.76,3.69,28.71,3.09,6.05,2.75,8.58,7.56,6.21,0.15,4.18,-1.08,2.58,-2.42,-1.63
6108,競國,上市,電子零組件業,6.78,-0.19,4.09,2.39,2.82,0.86,0.57,6.05,3.69,2.44,-3.13,11.86,10.0,4.62,2.42,1.19,6.24,1.47,2.59,3.17,0.46,6.56,-6.4,11.3,10.84,2.93,2.44,2.62,0.65,1.27,-2.84,1.42,0.98,0.21,-4.57,4.74,7.02,6.82,4.89,11.12
6191,精成科,上市,電子零組件業,2.26,2.1,0.4,6.88,0.84,-2.52,-0.17,2.85,4.94,3.32,1.58,5.15,-0.39,4.77,6.64,3.09,4.39,3.7,-1.12,3.92,3.34,-0.84,3.07,-1.26,5.31,3.53,-4.32,6.37,-3.25,0.74,7.87,11.64,3.03,7.38,5.3,3.35,6.03,5.77,6.63,12.65
6197,佳必琪,上市,電子零組件業,-4.64,13.68,3.79,-1.21,14.12,0.3,10.95,14.47,15.98,0.52,-9.6,26.48,18.84,5.79,7.75,13.37,10.83,4.48,12.68,-2.96,13.03,5.91,3.79,9.49,11.59,7.98,6.1,16.06,10.35,-1.77,9.13,4.79,18.04,0.22,10.73,-1.85,8.23,4.13,21.42,11.78
6205,詮欣,上市,電子零組件業,-2.64,7.87,8.2,11.08,5.28,7.17,7.57,6.71,13.74,-0.97,20.62,11.63,-2.79,8.55,4.6,17.64,5.36,8.12,11.09,10.42,3.65,0.55,6.7,15.13,10.48,-1.9,15.04,-1.79,3.13,3.57,5.87,17.13,-5.58,0.79,2.06,11.86,9.97,5.37,18.54,1.3
6224,聚鼎,上市,電子零組件業,26.2,16.41,19.34,39.24,19.57,6.39,22.54,36.43,30.64,13.73,30.68,45.65,13.91,17.92,9.62,33.16,27.14,11.52,16.35,27.58,8.05,14.68,30.3,29.9,17.74,10.02,16.8,19.05,13.82,0.73,10.0,12.44,1.17,-0.81,-2.43,3.59,-4.25,-1.8,6.06,11.89
6449,鈺邦,上市,電子零組件業,,,,,,6.42,5.73,5.86,14.71,1.04,5.54,10.2,9.09,3.27,2.19,-3.17,13.03,5.34,1.17,4.16,3.89,3.32,-5.69,7.23,7.56,-0.69,6.72,9.79,7.92,5.33,2.58,4.82,4.53,3.64,3.16,2.18,5.95,8.39,7.63,2.87
8046,南電,上市,電子零組件業,4.28,1.6,-3.88,9.51,13.62,5.51,4.62,20.14,9.66,10.78,14.27,12.36,-5.58,8.12,-6.39,7.95,-5.7,1.1,-4.24,13.1,-8.6,2.95,-6.07,15.55,9.33,7.02,3.58,8.66,10.43,12.94,7.04,29.99,17.07,24.74,35.8,30.54,35.15,32.2,37.95,23.34
8213,志超,上市,電子零組件業,6.54,2.19,-1.47,10.6,2.61,6.15,-4.79,9.33,3.76,7.14,-0.17,8.92,5.38,1.88,2.47,2.91,-0.78,5.57,5.68,4.75,3.7,-0.02,2.91,3.85,1.9,-0.46,3.87,5.34,0.56,-0.89,5.28,6.43,-0.42,1.59,1.73,5.64,3.19,4.74,16.67,8.0
1513,中興電,上市,電機機械,-4.88,-4.65,1.93,11.91,1.91,3.24,-9.23,15.26,-3.64,3.67,-5.92,7.07,7.49,-6.34,0.98,1.34,-1.46,-4.08,12.29,-0.23,-6.45,3.26,-3.14,21.65,5.87,-1.88,0.96,8.98,-2.96,-8.78,1.12,22.84,4.78,5.1,0.69,7.18,7.98,3.01,3.54,4.84
1514,亞力,上市,電機機械,-17.51,-7.36,10.31,8.56,2.74,6.36,-9.92,2.54,-7.15,5.64,0.54,10.18,-15.49,-3.45,2.56,-7.16,21.45,-10.0,-0.77,17.42,-6.43,-3.42,2.23,3.46,-1.35,2.44,1.66,10.02,-5.02,-3.77,-1.19,22.66,-4.92,-4.38,-7.55,-4.64,3.64,3.07,-5.53,3.34
1535,中宇,上市,電機機械,-0.46,28.7,9.49,13.44,-0.46,6.17,-5.04,-38.61,-13.74,0.85,-4.95,-6.93,-14.81,-12.84,-6.43,21.13,-14.67,1.6,-0.68,19.09,-9.15,-1.93,13.56,-0.93,-13.05,5.54,1.18,37.04,2.41,3.28,22.17,11.75,-2.97,-3.93,12.9,1.02,-24.31,6.31,5.76,8.5
1538,正峰,上市,電機機械,-0.26,1.29,-0.37,4.61,-10.3,5.38,3.78,-2.6,-4.45,2.99,-1.5,-1.62,-0.2,-1.75,3.33,3.06,2.57,-5.45,-3.42,9.99,-2.94,0.08,-2.24,-0.06,-3.47,0.67,-0.32,2.38,-15.57,0.9,-6.58,-5.46,-5.99,-2.85,-0.95,-2.53,-10.34,2.13,-3.65,5.53
1558,伸興,上市,電機機械,32.7,11.21,3.33,29.29,19.25,-3.91,-1.39,47.81,11.17,-2.0,17.43,55.12,15.72,-7.94,6.69,41.96,6.65,-10.14,9.43,39.8,5.5,-3.95,16.76,47.93,-1.33,-17.65,30.5,37.37,9.93,5.15,6.56,10.68,-2.71,6.25,13.63,3.09,-8.22,4.45,9.16,17.21
1590,亞德客-KY,上市,電機機械,3.31,6.87,7.09,6.25,0.66,3.54,6.37,7.4,1.93,5.83,2.8,3.78,3.76,1.9,4.14,4.6,1.85,-1.42,0.11,8.73,3.48,4.15,6.25,9.39,6.39,2.56,9.04,6.62,4.47,3.03,5.41,9.32,5.14,5.35,7.94,20.22,8.92,4.75,13.24,9.3
2049,上銀,上市,電機機械,-0.49,6.65,3.43,6.3,1.2,4.42,5.99,7.43,0.17,1.79,2.96,0.81,-0.1,5.29,8.13,9.9,6.62,10.12,7.37,9.35,5.33,6.7,6.73,2.65,-3.57,1.66,3.52,3.63,0.78,5.98,7.81,8.23,6.8,10.8,10.26,10.89,4.63,4.06,13.68,8.56
4552,力達-KY,上市,電機機械,,,,,,,,,20.39,21.75,27.25,15.71,19.83,20.11,23.99,20.54,13.34,15.37,27.59,11.98,19.79,11.9,20.4,8.02,3.66,4.12,8.55,3.48,-18.22,30.77,5.98,5.26,11.26,4.9,9.85,5.47,10.75,11.74,-1.89,2.85
4562,穎漢,上市,電機機械,,,,,,,,,,-16.85,,20.29,,-6.2,,10.66,-0.16,-1.17,-8.94,2.26,-1.04,-3.57,-0.52,0.75,-5.65,-3.87,-0.76,1.95,2.61,0.11,3.86,7.07,2.46,-0.95,-0.77,-2.21,0.36,2.4,-0.82,-1.0
5288,豐祥-KY,上市,電機機械,,,,,,20.94,10.15,16.68,8.06,19.9,24.62,18.89,11.91,24.99,20.68,32.03,9.72,24.61,17.66,25.65,-6.6,11.33,19.28,-0.3,-13.29,16.27,14.18,17.14,2.16,14.12,7.36,11.04,3.16,2.1,-7.11,1.67,-2.96,6.69,13.37,12.72
2357,華碩,上市,電腦及週邊設備業,-0.27,6.62,0.91,11.98,-0.18,3.25,1.5,9.83,-2.81,2.06,-0.36,-5.62,3.45,4.93,14.1,7.81,-5.49,-3.2,-0.29,8.3,4.78,-2.01,2.45,-1.99,-2.77,8.64,1.83,13.35,-11.78,-1.4,8.45,0.58,9.91,-1.89,-5.16,11.2,-14.36,-12.73,6.56,16.78
2387,精元,上市,電腦及週邊設備業,6.22,6.87,0.48,-1.52,-5.62,5.68,8.14,11.75,3.21,7.48,0.66,8.43,10.48,7.88,16.22,9.45,16.14,-5.33,9.02,5.58,2.81,0.52,6.66,-4.17,9.1,0.62,1.91,-3.13,-1.75,-3.31,6.51,3.95,1.35,0.04,4.77,1.99,13.7,6.31,-1.64,13.78
2395,研華,上市,電腦及週邊設備業,11.36,12.83,17.43,21.69,7.54,10.8,12.3,22.09,15.6,11.12,10.62,19.18,17.09,9.08,19.7,22.06,-3.86,10.78,17.27,-3.65,2.63,4.14,31.87,12.41,6.89,-0.68,29.19,7.45,-1.25,5.24,44.22,4.54,4.75,2.49,26.96,13.17,-4.07,6.04,27.68,14.95
3005,神基,上市,電腦及週邊設備業,4.89,6.34,8.39,6.56,1.14,4.55,8.85,5.65,5.1,4.17,7.05,10.35,10.01,4.82,3.79,9.84,3.19,3.21,1.42,8.27,7.9,4.14,11.12,10.23,0.27,6.24,8.65,10.51,3.68,5.07,10.16,9.37,1.11,1.22,0.8,3.64,-1.22,3.65,14.17,14.57
3017,奇鋐,上市,電腦及週邊設備業,0.53,6.94,-1.61,4.62,3.47,0.3,8.28,1.14,3.67,-0.6,2.77,8.46,6.87,-0.23,3.7,1.87,1.29,3.83,2.05,2.46,0.2,0.11,5.24,-0.87,3.67,0.96,0.72,4.96,8.04,-1.04,5.96,4.55,2.98,2.75,3.6,-0.22,4.37,3.61,6.68,5.71
3416,融程電,上市,電腦及週邊設備業,29.19,10.86,11.96,29.99,-9.66,9.47,-15.8,28.32,34.64,5.16,56.57,6.98,67.96,-11.75,79.36,53.85,-27.47,12.83,11.87,38.08,-22.96,13.75,18.4,3.54,30.75,12.1,27.0,-25.48,24.25,1.87,27.19,21.14,-5.49,4.5,11.34,19.72,-22.1,11.03,17.0,17.49
3515,華擎,上市,電腦及週邊設備業,30.21,8.21,0.42,12.17,-0.74,-17.91,-15.47,-0.21,32.91,22.66,4.19,10.51,1.86,-1.31,20.85,2.99,6.22,3.65,0.01,3.32,-5.65,-21.25,-24.04,15.68,1.42,4.44,15.57,12.94,4.23,8.17,12.14,1.98,1.34,20.48,-14.23,5.22,-17.09,-6.24,11.65,37.02
8210,勤誠,上市,電腦及週邊設備業,7.95,-0.1,1.04,10.24,5.91,7.02,1.55,18.32,2.24,5.49,7.19,10.2,4.29,9.66,7.34,13.34,1.2,7.81,2.66,7.98,11.69,8.13,6.69,13.88,21.88,3.44,4.02,13.91,7.55,-2.82,4.66,0.99,-1.92,2.11,0.66,5.15,-6.46,-3.0,7.12,8.17
1210,大成,上市,食品工業,5.72,0.5,3.57,13.55,0.42,-1.94,1.86,11.14,-3.31,12.38,-0.51,6.71,6.13,9.23,-0.85,7.21,0.9,4.88,7.99,10.95,0.82,-4.81,8.1,5.25,8.05,0.8,5.57,10.05,3.6,6.7,7.85,8.02,0.47,0.94,6.79,7.12,-4.2,0.43,11.93,-1.22
1219,福壽,上市,食品工業,22.23,-16.34,20.07,18.97,-12.53,-15.08,27.17,4.98,-3.33,6.67,-3.68,-10.55,10.77,-4.51,5.07,2.95,-4.59,-5.03,2.62,-0.74,13.02,-2.11,-7.13,5.14,2.68,-5.8,3.44,-2.29,8.76,-1.62,3.61,8.34,2.47,-19.93,15.01,0.97,3.47,-12.44,-4.24,9.8
1220,台榮,上市,食品工業,31.12,-26.96,45.12,-6.54,-0.16,-7.88,9.81,-8.02,30.46,5.12,-8.87,11.09,14.6,14.33,-12.59,25.64,51.29,-12.48,-1.41,-12.08,34.85,-10.75,-2.76,2.48,22.93,-5.63,5.45,8.68,39.74,24.72,-12.31,25.32,10.31,-1.65,38.91,-2.38,42.48,-24.66,-27.0,17.73
1232,大統益,上市,食品工業,125.17,-65.43,21.31,145.69,-67.25,-31.62,90.79,32.7,27.33,40.19,65.54,-16.51,22.32,9.48,-25.07,40.34,18.53,3.29,37.83,29.4,50.75,-5.87,12.3,46.5,48.57,-25.04,21.99,37.3,-13.51,18.25,40.47,71.29,-47.17,-36.43,59.62,48.63,-2.79,-13.14,36.75,2.69
1256,鮮活果汁-KY,上市,食品工業,5.21,22.86,31.6,-0.76,7.66,18.03,12.84,9.51,1.53,6.9,8.93,8.0,4.69,5.96,25.44,2.82,5.13,6.73,15.97,8.56,6.02,21.32,25.09,4.85,11.49,21.51,18.79,11.38,1.95,23.49,31.91,22.75,23.32,14.64,22.79,-0.99,5.9,-11.3,42.84,10.91
1584,精剛,上櫃,其他,2.57,3.54,1.36,1.86,-0.62,0.26,-4.6,3.82,-0.05,0.21,0.58,-0.78,9.14,4.33,5.64,2.17,-18.09,-4.07,14.55,4.6,0.24,-0.82,2.68,-0.17,-1.22,1.83,-2.51,6.82,4.64,-4.62,1.13,12.03,0.96,-12.92,-25.59,-14.23,3.69,-22.98,-17.52,5.02
2640,大車隊,上櫃,其他,20.1,20.03,34.18,30.79,36.49,-1.68,1.25,2.15,3.84,4.21,-0.19,7.58,3.98,8.75,3.44,9.24,13.59,4.95,7.53,13.51,9.05,11.55,7.18,5.81,23.44,9.66,18.01,18.81,9.22,7.42,11.91,16.57,8.55,4.75,8.01,14.94,9.81,13.38,16.83,6.01
5209,新鼎,上櫃,其他,-4.47,5.99,-1.74,20.38,14.93,0.92,6.68,-4.24,-10.62,-5.1,-13.8,13.45,-15.35,15.94,-8.84,21.3,22.19,12.91,-15.53,17.94,4.85,-11.29,-0.1,14.24,14.16,-3.72,-26.74,37.47,-2.78,0.64,15.26,-0.34,-4.14,-5.51,10.72,28.99,-9.09,-0.15,12.73,-15.43
5345,天揚,上櫃,其他,3.14,0.09,1.61,5.82,-8.0,24.28,4.82,-81.81,-152.32,-108.55,195.48,-222.09,19.91,-53.97,36.25,-14.35,-0.08,-14.79,-16.58,-22.76,-38.99,-66.12,-66.9,-69.91,-104.51,-109.19,37.51,-272.42,-103.09,-73.62,-60.08,-61.43,-46.59,-24.75,-24.92,-18.32,-31.08,-31.48,-34.6,-32.52
5530,龍巖,上櫃,其他,2.78,0.32,0.17,3.9,0.38,0.22,3.11,1.36,1.22,1.64,1.68,1.86,1.16,1.51,2.41,1.1,1.26,0.64,0.39,0.87,0.76,0.96,1.02,1.16,6.64,1.05,3.63,-7.19,5.63,-1.06,3.29,1.58,2.33,1.53,1.32,0.87,1.9,2.3,1.3,2.07
5604,中連,上櫃,其他,-0.41,1.39,4.27,3.82,1.14,0.83,0.57,1.95,0.97,1.92,6.28,-3.7,-2.17,0.98,-0.92,-0.88,-0.86,0.58,1.98,-0.51,-17.53,-9.83,12.35,-0.66,-8.91,-7.58,-28.78,14.1,1.13,1.98,28.12,-15.03,4.75,5.25,3.13,4.47,6.22,2.9,6.64,5.17
6803,崑鼎投控,上櫃,其他,-2.73,1.07,31.62,25.39,4.34,4.0,18.6,18.08,12.09,8.5,7.09,16.42,-5.71,14.77,13.25,14.25,30.14,9.35,7.97,11.38,22.88,10.46,8.25,12.43,2.21,9.47,-5.97,31.56,7.02,-27.16,28.09,3.58,-1.19,9.74,12.82,11.82,10.63,3.88,22.87,-7.52
8390,金益鼎,上櫃,其他,-11.03,3.83,8.91,1.63,-7.33,-0.2,4.01,0.32,6.6,3.01,-0.2,5.82,1.83,8.43,-4.04,-3.01,-9.62,1.34,0.12,10.42,-6.06,-3.8,-2.16,18.49,1.25,-3.73,33.39,3.72,-6.85,18.79,13.13,17.33,3.25,75.29,20.02,-11.76,23.94,-11.13,1.89,47.98
8420,明揚,上櫃,其他,,40.15,,11.49,9.46,18.67,4.62,3.17,20.41,13.11,48.85,26.6,46.14,34.91,28.95,-19.74,-19.23,21.11,11.63,11.31,5.25,3.4,32.32,-0.82,10.77,9.73,14.74,10.15,-2.12,9.82,4.7,3.75,-0.85,13.97,10.64,13.38,16.13,8.38,20.16,12.67
8924,大田,上櫃,其他,22.59,9.07,-25.58,9.6,19.06,9.47,-9.86,11.45,17.03,-5.72,-20.59,10.83,8.7,-9.01,-8.08,8.36,-4.52,-1.05,-14.13,31.41,13.08,-1.94,8.61,27.01,6.57,14.11,15.45,7.62,3.94,14.12,16.85,15.88,9.4,5.82,22.52,24.0,19.82,1.47,63.49,18.69
8928,鉅明,上櫃,其他,14.46,-4.97,14.29,2.64,2.37,20.94,-0.99,-5.91,26.77,25.45,-14.22,0.56,15.04,8.83,-4.9,-3.98,8.13,5.5,4.02,-12.26,1.82,10.86,14.83,-19.89,-2.41,25.25,3.57,-20.88,22.24,-3.91,12.02,-2.43,-19.45,25.65,8.16,-15.38,21.18,11.8,1.67,-13.51
8938,明安,上櫃,其他,23.29,9.05,-4.65,-4.88,13.1,20.48,-2.67,-5.17,13.99,9.6,-5.76,0.36,26.8,24.56,7.4,-4.84,17.34,23.83,8.83,-15.26,3.62,14.38,21.57,-18.33,9.75,25.26,16.58,-15.25,11.41,-2.75,5.69,11.04,-11.02,12.1,12.85,-0.97,1.79,14.74,12.38,0.17
6509,聚和,上櫃,化學工業,5.81,-0.35,7.17,3.28,3.27,2.22,1.48,3.85,6.66,6.79,2.84,5.05,-0.24,2.37,3.46,4.96,4.83,3.13,3.84,1.12,3.36,2.51,4.75,1.56,0.04,3.37,4.61,8.02,3.2,4.38,6.98,5.55,2.94,2.84,2.75,3.22,-2.57,3.45,8.73,11.12
3141,晶宏,上櫃,半導體業,50.23,-14.24,62.96,16.2,-41.48,4.3,-11.31,0.22,-31.43,8.22,30.08,103.51,9.32,30.7,29.27,26.92,-14.57,20.6,40.45,36.1,4.58,4.77,27.65,13.51,-8.79,12.9,20.96,6.23,4.45,5.06,39.02,23.51,16.76,12.67,29.03,13.97,1.3,-8.01,-1.28,5.72
3169,亞信,上櫃,半導體業,43.52,35.24,73.59,37.38,23.68,21.98,9.47,35.75,24.73,7.61,12.71,43.85,22.5,20.03,60.44,67.32,41.73,19.45,44.63,64.48,50.19,22.37,52.48,59.98,35.29,20.05,33.36,68.58,29.52,19.34,33.09,55.73,59.31,58.73,49.04,30.84,28.64,11.73,19.62,67.11
3260,威剛,上櫃,半導體業,-1.53,-11.38,13.27,26.45,-2.71,-13.69,-12.0,19.29,7.11,4.96,2.54,-0.88,-12.06,-4.21,-3.61,6.34,3.28,-7.72,3.3,3.82,-2.81,0.5,8.08,13.02,-0.83,2.66,-17.53,9.42,-11.88,12.37,4.32,1.28,-10.46,-6.96,1.01,11.54,-8.37,11.87,5.62,12.95
3264,欣銓,上櫃,半導體業,15.67,13.72,9.35,19.05,14.13,13.02,13.41,24.32,19.31,14.55,14.92,25.08,15.66,16.94,11.74,17.61,18.61,14.7,13.07,23.07,10.63,13.68,10.01,21.61,12.93,4.6,14.88,14.96,11.77,10.35,11.12,15.66,12.39,8.52,12.43,15.21,12.0,8.35,11.41,18.76
3317,尼克森,上櫃,半導體業,16.61,4.49,1.64,9.05,-10.75,3.84,-8.05,10.87,27.08,17.82,6.91,-16.78,1.13,5.99,0.48,2.78,5.88,17.11,11.17,25.42,-4.44,25.84,9.22,11.4,-10.67,-12.99,12.63,-19.02,15.2,20.03,7.77,30.51,36.25,13.68,17.38,26.06,-12.75,21.9,9.11,0.86
3374,精材,上櫃,半導體業,,5.31,,43.11,,-0.02,14.42,13.14,20.17,18.51,10.01,11.65,-4.66,10.44,7.99,2.92,-2.05,1.24,-2.52,-0.93,10.13,6.87,-5.06,13.42,2.07,-1.46,10.48,19.27,9.49,18.45,10.45,43.41,48.11,33.61,4.59,61.57,30.95,26.67,33.17,46.53
3529,力旺,上櫃,半導體業,41.38,30.87,65.28,100.95,56.19,21.35,55.16,81.88,57.51,18.47,43.23,84.35,50.24,24.36,26.44,67.81,32.87,23.3,65.93,44.29,41.57,10.6,53.11,56.51,60.0,9.1,26.11,55.5,61.73,23.16,33.27,69.39,64.06,21.17,40.14,81.06,53.75,21.61,44.32,73.78
3556,禾瑞亞,上櫃,半導體業,4.1,15.63,36.9,47.51,46.11,-5.22,-28.49,7.98,14.72,21.65,8.19,22.72,24.46,8.07,3.43,39.56,-11.37,5.12,19.75,23.75,34.38,19.28,19.88,37.74,30.14,11.72,6.4,26.13,14.52,18.91,-8.98,3.66,0.12,22.08,28.67,21.11,11.32,4.63,4.38,-0.02
3675,德微,上櫃,半導體業,6.23,-5.07,3.08,6.16,21.78,13.57,22.61,36.87,14.71,22.56,32.57,36.72,15.47,20.03,29.37,21.96,5.88,3.72,16.05,38.53,11.65,1.57,-0.51,10.53,6.83,1.36,5.61,7.05,2.67,4.63,4.85,3.64,4.39,0.13,7.61,5.64,6.68,7.69,6.24,14.15
3707,漢磊,上櫃,半導體業,,,,,,,,,-8.12,4.49,-12.09,0.03,-4.14,1.45,-0.68,6.54,-3.02,3.16,2.97,-0.12,4.1,6.08,3.16,0.26,-1.48,-5.43,0.0,5.21,-0.82,0.92,0.04,7.5,3.9,4.22,3.66,14.26,10.31,9.29,4.93,10.87
4966,譜瑞-KY,上櫃,半導體業,61.89,13.36,-11.83,33.87,28.11,17.03,-9.95,60.79,32.92,17.34,6.88,45.36,12.51,23.0,21.57,30.12,11.26,17.48,26.13,33.33,-3.0,21.28,30.13,57.73,13.92,34.4,27.59,50.12,16.65,23.83,44.49,30.41,26.59,42.42,55.14,45.51,29.52,25.02,6.06,-7.06
4991,環宇-KY,上櫃,半導體業,,21.67,,66.76,-7.0,8.75,12.77,12.0,25.25,7.44,13.51,12.55,7.34,4.64,8.46,19.47,3.83,10.57,35.16,31.53,41.49,33.04,38.19,41.55,-1.92,18.43,36.94,20.65,48.72,20.05,12.92,11.74,8.19,15.44,15.11,18.18,-1.83,-8.77,1.08,-1.46
5274,信驊,上櫃,半導體業,53.47,17.37,21.46,72.11,22.91,18.68,44.8,45.87,86.18,5.06,39.33,96.07,76.58,21.12,25.75,19.28,45.19,12.78,26.73,51.32,35.18,12.83,24.85,68.09,54.35,20.79,16.69,38.76,27.19,10.3,31.18,36.63,22.11,22.68,39.71,44.62,22.09,20.28,55.08,44.22
5483,中美晶,上櫃,半導體業,-2.39,2.25,5.61,6.88,1.64,2.57,5.22,5.31,-0.7,1.21,5.96,0.72,0.61,-3.66,0.71,5.31,-0.73,8.95,13.67,14.21,20.98,11.76,23.5,10.53,11.36,6.8,5.24,7.65,4.25,5.17,5.36,8.78,6.21,7.08,7.47,10.97,7.54,7.9,7.37,9.03
6104,創惟,上櫃,半導體業,26.86,-11.42,0.63,2.49,-7.42,11.56,28.56,43.68,5.8,9.62,24.44,29.18,5.87,6.1,10.42,14.85,-5.13,1.71,-1.3,10.93,-1.39,6.39,7.91,11.19,-1.08,9.95,9.66,13.75,-1.4,8.09,7.46,12.19,-6.72,7.2,8.33,15.5,10.35,-4.38,-18.39,1.57
6129,普誠,上櫃,半導體業,-1.83,-14.1,36.95,20.95,4.32,-1.71,-1.48,117.08,11.99,4.11,-15.01,8.38,-8.81,-6.85,23.42,8.92,20.15,-5.66,8.57,5.79,9.85,-28.15,9.36,18.1,-15.03,-0.52,-1.07,6.38,2.96,-2.06,32.48,15.82,0.64,24.53,-14.28,29.73,-21.01,-7.13,-12.53,7.75
6182,合晶,上櫃,半導體業,-1.3,-0.03,1.83,1.8,0.08,1.34,3.28,2.86,2.27,4.55,0.19,3.15,0.11,3.03,3.84,6.74,5.2,5.18,7.73,9.67,3.53,10.96,10.6,14.74,4.0,5.16,7.07,8.39,4.64,6.26,5.5,0.55,3.27,5.74,4.98,11.13,7.92,14.59,12.46,13.31
6287,元隆,上櫃,半導體業,-3.49,-5.93,-1.8,-3.01,-3.68,-8.05,-7.81,0.96,-10.77,-5.0,0.94,-3.7,0.19,-2.25,-2.18,-5.14,2.27,1.44,-2.6,2.79,-5.63,-0.6,0.85,-0.95,-4.92,2.89,-7.53,3.0,-9.59,-3.27,0.68,4.4,-0.91,4.24,1.09,10.01,-3.48,-0.21,1.84,7.98
6411,晶焱,上櫃,半導體業,,-17.55,35.05,44.41,-7.3,1.2,17.64,8.82,-1.3,-16.35,-5.7,23.54,19.51,27.48,2.93,19.17,12.98,18.12,17.82,9.04,17.88,12.39,-16.49,39.3,45.15,11.16,24.22,6.61,23.55,-4.36,6.33,28.72,28.43,21.25,25.7,31.68,15.13,-4.67,10.15,-13.64
6457,紘康,上櫃,半導體業,,,,,,41.64,28.9,23.0,-23.22,21.0,33.86,38.15,-44.79,0.36,62.01,-7.22,36.78,-28.64,28.18,35.96,12.02,14.28,15.65,7.38,26.25,9.38,27.6,35.37,10.64,21.88,5.64,44.12,18.73,24.92,29.91,-3.41,-2.89,-11.33,15.93,-81.6
6485,點序,上櫃,半導體業,,,,,,,,,-103.52,-10.25,129.57,93.14,24.6,15.51,-11.69,105.46,-42.85,-28.17,24.1,2.61,-61.97,32.45,11.22,43.62,-19.19,6.52,-1.64,48.22,-26.34,35.83,-0.01,23.45,79.82,43.53,26.31,51.86,30.78,5.75,19.04,-12.31
6488,環球晶,上櫃,半導體業,,,,,,15.27,,24.84,5.6,4.7,15.13,6.79,7.24,-0.97,2.82,4.4,-0.62,10.48,16.51,22.51,25.56,14.32,28.68,11.84,12.49,7.12,5.7,8.55,5.27,5.53,6.5,10.16,8.61,6.83,8.13,10.91,8.31,8.36,8.07,9.63
8040,九暘,上櫃,半導體業,6.07,-6.48,-10.53,-0.84,-29.95,7.46,-9.56,9.64,-7.95,-21.28,-0.76,19.75,-29.99,4.27,-11.07,-0.31,-10.5,13.44,3.6,-17.77,-6.33,-21.04,-4.93,17.98,-17.28,38.88,4.88,4.92,-11.53,-11.66,16.27,20.01,-14.21,6.56,42.18,43.92,7.11,-1.18,22.59,18.68
9950,萬國通,上櫃,塑膠工業,-1.02,0.31,9.51,4.6,1.91,4.12,0.43,-0.36,4.51,-6.37,6.27,1.94,0.79,1.83,-2.06,4.77,-7.72,3.41,1.17,-3.58,-11.09,-1.9,-1.24,-1.35,2.24,-0.79,-0.2,5.69,0.23,-5.97,-1.77,-1.61,-1.61,-5.24,-3.17,-1.34,-0.18,-2.81,0.03,-1.07
8931,大汽電,上櫃,油電燃氣業,-10.12,4.51,16.24,13.37,-2.67,5.08,5.81,2.1,5.24,11.57,11.13,11.38,-5.35,-3.97,9.55,6.24,-1.0,6.55,16.46,2.88,-6.86,14.21,0.67,13.43,-6.57,0.86,10.64,0.48,3.73,4.13,3.69,9.93,-0.68,9.38,7.67,-6.69,-0.3,7.93,-4.45,20.12
4401,東隆興,上櫃,紡織工業,1.52,12.07,16.96,12.24,-5.38,3.92,12.93,7.34,6.3,13.52,1.3,12.37,5.1,9.75,8.01,11.73,6.84,5.6,5.97,4.71,5.67,3.24,5.42,0.55,7.52,2.48,-2.93,9.8,-1.18,-0.09,6.65,3.16,5.39,7.78,6.83,2.75,7.17,4.86,6.53,-2.61
3171,新洲,上櫃,貿易百貨,-46.48,7.61,-0.17,47.2,17.42,-0.73,4.36,6.91,2.2,-7.07,3.72,7.69,1.49,3.09,0.62,-1.04,4.4,-3.71,3.4,4.24,5.53,-4.46,4.14,9.52,5.44,-0.81,7.02,11.07,6.87,-1.46,4.28,6.69,6.27,-1.22,3.52,4.48,6.66,3.99,-1.77,5.72
5903,全家,上櫃,貿易百貨,6.52,8.12,7.03,3.72,9.9,7.51,5.69,-7.03,11.54,7.85,3.34,-4.84,7.73,7.41,1.75,5.64,-1.45,0.74,13.17,7.18,1.8,6.49,8.91,0.92,4.71,8.59,8.31,-2.62,5.03,9.1,2.97,2.49,4.82,3.12,4.15,2.83,3.27,6.91,3.15,2.96
8066,來思達,上櫃,貿易百貨,15.49,14.42,2.88,-7.15,3.62,-9.82,4.39,11.2,24.2,-10.35,13.53,15.33,18.14,1.6,4.84,16.39,30.55,-6.44,18.77,11.11,10.09,-2.2,11.6,-0.77,17.08,2.17,3.55,16.15,12.96,6.25,-6.94,8.38,5.81,-2.53,15.56,-10.2,-0.42,-4.49,8.99,18.08
8433,弘帆,上櫃,貿易百貨,33.89,0.63,-2.25,4.27,29.69,20.13,5.62,-13.18,38.7,6.9,44.51,-8.82,34.37,-3.94,6.4,14.98,22.02,-1.53,16.63,-2.7,-5.63,11.09,14.45,36.85,6.56,2.51,5.71,1.3,0.25,3.06,6.58,19.24,-5.15,1.04,-2.55,-0.88,11.56,-1.09,13.73,7.28
3078,僑威,上櫃,電子零組件業,11.98,-2.98,11.1,-0.85,8.66,5.61,-5.6,4.03,15.9,1.23,1.07,9.88,15.76,4.29,1.65,26.09,24.46,8.75,3.47,4.65,10.14,-8.7,5.16,15.01,21.29,-1.7,16.99,-8.24,20.08,-3.56,8.24,0.13,6.65,-1.96,-2.2,-0.47,16.18,9.22,7.12,7.06
3217,優群,上櫃,電子零組件業,2.68,8.3,0.88,13.23,14.98,10.15,8.7,21.71,14.84,12.4,0.38,23.24,13.19,12.44,10.0,17.84,19.76,14.79,15.34,17.27,15.11,0.78,10.48,15.17,18.28,11.92,16.2,31.64,20.73,8.2,22.85,28.53,16.2,-0.92,20.07,25.81,23.56,5.79,30.76,29.53
3357,臺慶科,上櫃,電子零組件業,6.7,4.11,,5.21,,18.02,,22.87,8.96,5.21,,20.27,,16.3,,17.19,,2.86,,15.61,,8.47,,21.88,,14.21,,14.02,,14.06,5.29,13.31,4.69,10.9,7.06,14.26,7.34,11.05,14.58,22.92
3465,進泰電子,上櫃,電子零組件業,3.17,-3.54,-2.5,-1.94,0.64,-7.69,1.84,3.45,-4.8,-7.11,-5.59,-14.54,-11.25,-2.27,-3.82,-1.36,-16.12,-68.55,-0.75,-47.22,-4.75,-17.75,-27.79,-113.54,-243.08,-77.72,-75.81,-68.45,-194.49,-282.82,-3.04,-5.15,-18.13,2.31,3.7,11.76,-3.49,16.58,18.33,6.89
3484,崧騰,上櫃,電子零組件業,1.06,-2.28,0.98,3.35,3.69,4.66,6.8,3.62,-3.64,11.78,3.2,2.47,1.39,4.82,4.82,13.08,-7.92,3.38,7.96,10.52,-18.78,12.09,4.2,2.31,-1.44,4.16,0.19,8.13,5.64,6.99,5.44,5.05,-0.64,1.16,-0.59,11.13,-6.96,2.61,16.18,19.29
3492,長盛,上櫃,電子零組件業,,10.35,,4.96,,11.64,4.18,16.45,-3.25,-12.45,4.0,37.23,0.89,11.87,18.47,1.92,12.71,2.56,-3.53,16.46,3.76,6.43,10.33,12.04,6.55,-0.16,10.54,1.39,9.05,-0.09,2.08,-3.52,27.8,-18.34,4.44,5.66,1.18,1.1,14.73,4.18
3526,凡甲,上櫃,電子零組件業,7.45,6.87,2.65,-2.0,0.61,5.61,8.23,9.23,19.51,19.36,6.46,20.46,13.59,15.55,19.91,20.2,15.21,10.59,-2.94,8.74,8.53,8.91,13.08,16.04,12.05,10.95,5.41,10.75,15.01,10.03,20.86,15.55,-20.88,30.09,15.57,15.47,12.32,9.25,6.7,19.73
3548,兆利,上櫃,電子零組件業,23.0,8.1,0.15,3.69,9.36,5.6,-7.35,7.07,-9.34,10.46,11.54,-2.66,6.79,9.81,6.18,10.5,-3.19,10.39,5.93,10.29,-6.75,4.85,10.45,1.27,6.65,3.51,15.62,2.21,4.84,8.16,2.32,4.23,3.26,-5.4,7.88,2.58,8.96,4.88,-0.89,10.9
3597,映興,上櫃,電子零組件業,,2.45,,-1.43,,0.88,,6.53,,11.37,,0.05,,1.88,,-6.23,,3.13,,4.02,,2.03,,11.08,,5.74,-0.99,4.58,4.36,-4.33,-0.18,5.98,-1.12,1.62,4.78,2.93,-1.37,2.1,-3.18,16.98
3624,光頡,上櫃,電子零組件業,9.23,55.36,28.31,11.54,-2.42,0.13,3.55,12.55,1.51,17.56,6.01,15.12,1.14,10.2,1.61,8.41,3.69,10.79,8.54,19.6,11.72,13.92,15.11,10.61,11.92,-8.94,17.88,14.71,3.15,9.99,26.32,-6.23,39.03,15.44,2.15,23.42,26.71,12.45,4.26,24.06
3646,艾恩特,上櫃,電子零組件業,16.43,18.53,8.83,21.67,11.42,17.09,24.33,-0.76,-0.8,2.17,20.74,5.66,20.75,19.28,22.58,24.78,28.43,1.41,-1.63,5.48,2.6,6.8,14.83,12.8,-11.46,14.37,11.57,5.91,3.48,10.67,3.36,19.05,-4.74,-2.32,-1.25,16.41,1.32,2.24,19.2,11.06
5227,立凱-KY,上櫃,電子零組件業,-0.95,-10.98,-23.22,-33.39,-28.82,-22.8,-12.34,3.65,-6.28,31.7,3.65,-2.12,-14.82,30.27,26.25,4.41,-12.12,-14.17,-0.27,-37.26,-62.28,-24.54,-17.75,0.27,-10.9,-0.77,-3.02,-26.72,-16.69,-10.61,-13.59,-8.52,-15.7,-16.43,-8.94,-10.02,-13.35,-0.21,-25.88,-12.13
5291,邑昇,上櫃,電子零組件業,,8.66,,18.34,3.11,-1.2,16.44,10.79,11.47,1.44,-3.51,4.0,-9.08,5.48,-4.67,9.14,3.84,-12.75,0.27,-2.28,4.92,6.59,-5.97,13.74,10.27,6.74,1.63,10.93,-0.99,-3.73,6.14,13.74,6.44,2.93,10.6,-9.84,6.43,14.2,5.6,10.02
5439,高技,上櫃,電子零組件業,5.18,5.24,11.43,15.58,-1.13,11.34,-4.17,11.32,11.78,13.37,2.07,19.93,10.05,11.02,9.35,10.72,9.48,4.03,4.15,13.36,9.25,7.39,9.43,26.78,23.21,5.28,12.59,15.16,10.7,8.46,-0.12,19.66,4.32,-0.85,3.93,-6.38,11.45,7.82,12.98,13.99
5498,凱崴,上櫃,電子零組件業,1.29,-0.15,4.42,0.95,2.26,2.27,0.1,-0.57,10.82,5.83,7.26,7.56,-9.14,14.49,-4.25,-6.16,0.55,12.56,-2.74,-4.75,-6.23,8.94,-1.49,6.88,-2.29,3.28,1.85,-0.46,3.97,6.2,2.4,-7.55,3.26,-1.72,1.26,-3.37,-2.55,-4.53,9.03,0.93
6126,信音,上櫃,電子零組件業,6.02,10.51,-0.3,-0.79,6.1,6.47,5.01,3.76,11.7,8.91,0.46,4.22,10.38,1.53,2.33,5.07,8.78,0.75,4.38,8.68,2.2,2.87,-0.37,4.7,-3.74,13.01,8.47,16.47,6.72,-0.88,3.49,5.28,6.75,1.05,8.93,9.64,3.39,17.33,4.45,11.16
6203,海韻電,上櫃,電子零組件業,-4.29,10.78,35.25,-20.49,9.68,-6.76,1.91,-4.61,40.48,22.07,28.47,31.66,8.65,12.38,10.34,15.59,-15.21,3.09,7.1,13.37,8.07,10.98,-20.1,-11.85,19.75,14.79,23.42,21.36,8.35,25.78,17.84,2.58,1.26,0.7,-9.03,2.25,16.85,0.04,5.14,21.59
6208,日揚,上櫃,電子零組件業,9.28,6.28,15.71,19.88,15.66,4.9,4.24,24.7,14.2,15.18,9.05,20.99,10.21,17.48,17.5,15.05,-9.35,2.22,-1.65,14.36,5.77,3.85,3.53,5.39,3.21,8.39,16.29,24.06,5.79,3.95,-3.17,6.4,2.27,3.29,10.25,6.47,0.21,4.81,6.79,3.32
6259,百徽,上櫃,電子零組件業,-2.24,-7.53,-1.82,-13.95,-5.47,-14.07,-6.88,12.77,-0.89,-4.37,-25.33,6.36,16.12,34.43,5.67,15.72,4.6,-1.25,8.71,-22.8,-1.46,0.76,7.83,4.61,0.26,174.43,-159.04,57.6,-0.98,-29.81,0.21,5.83,-14.16,54.72,-45.27,1.99,10.12,16.71,13.86,3.31
6275,元山,上櫃,電子零組件業,-2.91,5.0,8.91,-6.12,-4.72,0.1,6.36,1.12,-2.43,2.81,1.3,-0.76,3.08,-7.57,12.58,2.01,-1.92,-3.15,13.42,5.09,-1.93,-5.37,-0.35,-0.89,4.57,3.07,6.39,1.62,1.72,2.6,6.05,12.34,-7.14,1.26,2.94,1.28,0.35,4.62,12.38,7.66
6292,迅德,上櫃,電子零組件業,8.56,15.45,5.57,-17.82,35.02,14.52,10.39,8.54,8.35,-24.85,24.39,7.15,-6.38,2.39,6.85,15.35,3.87,8.86,11.66,-2.5,-5.74,14.44,12.12,-3.9,3.36,10.28,18.82,-0.23,-15.51,-1.17,6.41,6.22,13.33,-0.77,-1.39,-5.79,-0.51,13.99,10.23,13.33
6538,倉和,上櫃,電子零組件業,,,,,,,,,,23.11,,17.86,10.41,19.88,25.59,20.18,1.79,5.25,5.65,11.12,5.26,-3.25,3.18,-1.2,-6.94,11.72,17.08,15.09,31.46,1.38,13.23,32.7,15.12,14.52,30.45,15.75,-2.17,-3.02,-1.31,22.28
8121,越峰,上櫃,電子零組件業,-0.06,1.75,5.34,-0.08,-2.09,2.34,0.5,0.96,1.61,1.27,0.56,3.03,0.91,2.69,5.26,3.25,0.66,4.46,2.12,0.56,-1.94,6.34,2.75,2.57,-0.66,9.78,7.41,7.5,1.21,2.64,5.18,3.66,-1.33,0.08,2.95,1.25,-6.11,-4.62,1.69,5.49
8155,博智,上櫃,電子零組件業,10.54,-1.43,-4.12,11.79,5.48,-3.23,0.93,19.07,4.0,14.58,10.27,15.97,1.38,10.26,3.78,8.34,7.45,2.99,5.55,13.64,22.57,11.73,13.07,9.43,12.21,4.97,7.48,18.79,13.1,14.78,17.75,18.03,10.01,-2.22,2.77,1.62,24.41,8.39,0.2,15.12
8182,加高,上櫃,電子零組件業,7.11,7.66,8.11,9.64,10.14,10.43,6.34,6.15,8.46,5.04,7.62,9.07,8.99,5.07,3.49,-2.25,2.78,9.51,4.81,3.87,4.18,9.88,10.69,7.05,4.67,7.9,5.63,4.03,6.04,5.51,2.53,5.22,3.76,8.06,9.29,8.44,4.2,4.38,3.01,4.64
1580,新麥,上櫃,電機機械,3.44,12.08,6.36,15.34,3.32,15.43,9.18,16.58,-1.37,20.76,3.4,20.38,-5.46,20.72,24.5,29.19,7.72,9.05,13.51,12.73,1.7,16.49,14.28,21.5,8.25,15.72,17.55,26.86,-11.77,12.64,26.32,16.19,-2.54,-1.25,10.22,22.04,-2.2,4.06,24.51,29.23
1599,宏佳騰,上櫃,電機機械,-46.46,5.63,25.98,-28.41,5.82,14.65,26.09,6.44,-24.75,21.1,27.33,2.94,5.57,-15.84,37.5,12.51,-32.32,-3.41,6.91,75.46,-72.54,21.31,32.52,0.3,-2.29,8.37,-3.62,-12.45,1.24,-4.2,32.67,20.44,1.2,-0.48,23.78,35.84,-9.69,-2.32,2.45,17.93
2235,謚源,上櫃,電機機械,,12.67,,0.08,,4.73,8.06,13.75,14.52,7.08,11.73,15.49,11.09,11.83,6.51,15.18,15.13,2.84,7.13,31.7,14.32,8.4,3.17,42.99,15.46,9.0,17.63,-0.58,16.75,10.59,10.37,0.48,22.12,6.57,-0.96,9.1,8.68,4.85,12.56,13.18
3426,台興,上櫃,電機機械,,,,,,,,,,22.31,,40.12,1.79,10.53,5.62,20.5,14.91,15.01,10.23,9.94,13.31,19.23,10.12,6.86,9.96,7.37,6.21,8.77,4.39,8.44,-7.71,11.44,-7.09,9.03,-2.32,8.81,5.37,-0.41,11.13,11.11
4510,高鋒,上櫃,電機機械,6.44,3.79,1.0,13.28,-8.17,-1.58,-0.61,0.47,-3.55,-2.31,-0.99,10.16,0.95,1.17,1.72,1.67,2.76,-2.47,2.83,-3.0,-7.25,-2.79,-0.56,-0.3,1.43,7.38,9.61,4.39,3.08,3.68,3.34,-0.16,1.62,0.33,-0.5,-1.19,-2.68,1.31,5.14,2.14
4535,至興,上櫃,電機機械,5.13,11.77,9.91,15.03,11.65,10.91,9.39,11.74,-3.63,12.69,25.66,19.01,19.54,28.65,42.11,31.81,7.28,15.11,8.91,17.0,17.11,4.06,18.03,46.54,15.78,17.76,18.61,25.68,17.28,15.42,27.84,36.83,17.82,19.92,19.99,14.47,17.34,14.49,17.85,30.79
4538,大詠城,上櫃,電機機械,,3.94,,17.15,,11.28,,20.7,,14.82,,42.04,,5.29,,25.53,,23.22,,9.17,,21.07,6.24,14.39,36.38,22.5,42.3,51.23,51.2,19.15,18.46,-0.34,28.74,5.85,3.54,-12.66,18.55,8.52,21.87,14.62
4549,桓達,上櫃,電機機械,,,,,14.61,11.15,13.63,28.06,6.04,18.67,20.02,27.25,28.19,14.27,14.0,20.12,17.69,12.24,30.33,22.61,17.68,17.77,37.91,29.91,13.55,16.77,29.66,18.96,5.42,11.34,16.21,18.69,12.81,10.9,11.82,11.16,7.05,10.02,9.81,20.47
4558,寶緯,上櫃,電機機械,,,,,,10.02,,4.98,,1.72,,9.44,,4.76,,-4.35,,14.25,,-0.28,,8.77,,-11.96,,27.05,,-5.92,,16.86,,-1.37,,-7.33,-5.51,-11.56,1.98,-4.29,7.71,3.69
8027,鈦昇,上櫃,電機機械,,,,,,17.72,-17.09,23.37,5.33,-18.48,4.34,-13.02,3.09,-3.48,4.37,-2.84,2.2,-4.43,-3.94,-6.33,3.64,-14.0,-0.74,-5.88,2.33,-4.03,12.2,14.41,-7.89,2.76,-5.08,7.6,0.91,18.45,-16.14,-2.55,11.88,-4.43,-28.64,13.02
9951,皇田,上櫃,電機機械,-0.03,6.23,12.85,18.39,3.63,1.21,12.17,6.17,2.26,7.06,4.91,15.51,3.23,10.91,4.45,15.22,1.97,-0.04,3.52,13.6,-6.06,6.83,6.47,7.19,9.12,11.3,4.91,9.42,4.01,8.84,9.24,18.41,6.93,2.66,2.22,14.35,-5.96,13.04,1.53,16.16
3483,力致,上櫃,電腦及週邊設備業,5.14,7.57,-2.05,1.95,3.59,3.87,-7.03,3.8,6.76,10.61,-2.07,-2.7,-0.61,8.33,3.16,-1.19,2.19,4.52,1.28,-3.0,4.67,-4.72,1.29,-0.07,6.42,4.55,4.26,6.65,9.36,-0.4,3.09,3.64,5.28,0.85,-2.4,-1.15,9.18,6.2,3.75,10.17
5356,協益,上櫃,電腦及週邊設備業,30.44,-5.68,14.4,13.89,9.23,15.14,-10.84,59.39,-12.88,13.44,-12.52,40.16,-7.17,1.22,9.63,3.36,39.41,-0.7,2.12,17.17,26.1,9.07,18.53,-4.22,37.96,10.35,4.28,7.01,16.29,3.12,7.61,-2.78,3.16,-4.28,-8.39,0.59,1.51,1.83,7.24,-1.25
6276,安鈦克,上櫃,電腦及週邊設備業,26.39,-20.52,-25.63,24.0,-5.24,-6.19,0.45,-5.39,-4.49,-5.63,5.8,1.37,21.95,-5.54,-17.71,9.58,7.59,13.67,6.97,23.23,-21.81,-17.71,0.42,18.35,15.45,-1.12,9.04,1.17,-7.26,0.57,15.17,24.99,-7.75,-5.37,-15.43,1.06,0.87,10.43,43.43,1.4
1264,德麥,上櫃,食品工業,,20.21,,102.59,,14.41,12.47,16.33,9.46,23.66,2.66,33.13,20.22,22.74,45.73,34.02,40.86,11.15,16.25,27.01,34.47,2.61,33.3,48.35,38.48,9.08,26.21,36.05,22.66,15.6,30.31,28.45,16.95,8.89,19.22,25.58,20.99,-2.14,22.34,12.64
4205,中華食,上櫃,食品工業,-6.98,23.6,38.43,28.18,10.46,18.18,3.34,29.49,8.9,7.09,35.85,20.14,22.12,17.23,31.2,26.58,9.66,14.02,23.82,31.02,10.15,12.97,14.14,25.49,13.08,13.75,15.82,36.36,22.29,9.41,34.85,31.6,22.26,17.45,12.28,44.41,20.25,13.59,24.19,28.86
