sid,name,market,產業,2022Q3,2022Q2,2022Q1,2021Q4,2021Q3,2021Q2,2021Q1,2020Q4,2020Q3,2020Q2,2020Q1,2019Q4,2019Q3,2019Q2,2019Q1,2018Q4,2018Q3,2018Q2,2018Q1,2017Q4,2017Q3,2017Q2,2017Q1,2016Q4,2016Q3,2016Q2,2016Q1,2015Q4,2015Q3,2015Q2,2015Q1,2014Q4,2014Q3,2014Q2,2014Q1,2013Q4,2013Q3,2013Q2,2013Q1
1516,川飛,上市,其他,3.33,0.97,3.85,6.89,1.94,4.63,0.94,1.31,1.7,2.2,2.07,1.27,0.92,1.43,-0.07,-0.43,2.09,1.83,1.0,1.08,0.44,2.15,1.12,0.94,0.24,1.02,5.04,-3.29,-0.55,-0.89,30.19,10.42,4.22,1.65,0.9,0.67,1.24,0.09,0.6
2348,海悅,上市,其他,1.67,2.99,4.95,9.01,7.35,8.31,13.04,18.35,16.34,14.55,9.34,13.79,9.53,11.09,3.41,7.43,11.46,6.38,8.58,5.81,3.67,4.36,1.65,-0.03,0.25,0.22,0.48,0.07,4.15,-0.14,4.2,-3.83,4.57,10.02,29.13,29.85,18.22,20.48,-3.06
3557,嘉威,上市,其他,3.88,3.62,10.62,7.03,2.0,8.96,14.79,13.91,8.93,6.88,23.11,20.44,5.02,-1.46,-1.85,5.65,-0.79,-0.87,-3.93,-20.19,-6.62,-2.25,-5.87,-2.47,-4.69,-3.26,-3.54,-2.74,-1.53,-2.76,-1.63,-30.03,-0.64,-4.41,-5.1,-12.45,-7.78,-2.79,0.43
5306,桂盟,上市,其他,8.22,7.33,7.34,8.09,8.05,7.24,7.62,7.39,8.57,7.24,4.06,4.83,5.4,4.46,4.73,4.83,4.2,4.32,5.92,5.58,6.31,6.19,5.86,6.27,5.87,4.29,4.63,4.33,7.13,5.53,7.42,4.56,7.34,7.25,7.03,4.42,8.92,8.1,7.53
5871,中租-KY,上市,其他,5.43,5.76,6.17,5.23,5.46,5.55,5.09,4.8,5.5,5.48,5.45,5.83,5.89,6.14,5.57,5.65,5.93,6.33,5.46,5.41,6.52,5.43,5.32,4.6,5.11,4.96,4.17,4.55,4.85,4.83,4.82,5.09,6.11,5.49,5.24,5.73,5.41,5.82,5.39
9802,鈺齊-KY,上市,其他,11.25,9.54,5.91,4.33,3.93,1.52,3.82,2.17,2.27,2.11,4.2,4.59,5.36,4.06,2.95,3.0,3.42,3.8,1.54,2.87,2.05,4.09,4.62,3.94,2.01,3.51,3.1,0.45,0.99,-1.99,2.45,1.89,1.49,2.69,1.59,0.92,1.63,1.6,1.42
9911,櫻花,上市,其他,4.64,3.66,5.4,5.41,4.48,4.07,5.66,7.14,5.13,3.33,3.45,7.89,4.47,3.28,4.41,6.59,4.41,3.59,4.58,6.72,4.59,3.15,3.95,5.04,3.95,3.83,4.21,4.56,3.67,1.47,2.73,4.51,3.46,3.0,2.66,5.64,2.78,2.26,2.29
9914,美利達,上市,其他,4.56,4.78,6.28,7.8,7.47,5.49,6.86,6.73,9.07,7.91,3.39,4.16,6.14,4.12,3.66,3.81,5.4,4.6,0.17,-0.48,3.29,1.23,2.38,3.98,3.96,3.42,3.45,4.72,9.16,4.92,5.62,7.91,9.13,6.55,6.73,6.46,8.93,8.11,7.18
9929,秋雨,上市,其他,1.44,0.94,-13.3,-0.76,0.27,0.33,0.24,-6.09,1.03,62.95,5.58,-17.63,-6.91,-3.29,-7.61,3.63,0.48,0.67,-0.12,0.51,0.61,0.02,-0.82,0.47,-0.28,30.6,-18.19,-20.25,-4.18,-5.47,-1.8,-4.58,-10.67,-9.27,-1.2,-3.02,-4.05,-2.22,-15.49
9933,中鼎,上市,其他,2.79,3.19,6.31,5.07,3.07,2.08,1.91,1.96,2.06,1.49,1.44,4.06,0.73,1.99,1.65,2.91,3.68,2.67,2.05,3.62,3.27,6.67,2.78,2.93,4.51,3.51,4.25,3.68,3.3,3.6,2.68,3.92,3.28,2.53,2.51,2.44,2.76,2.72,3.01
9940,信義,上市,其他,1.71,2.54,3.7,5.6,6.41,4.32,3.93,5.57,5.48,3.38,0.38,2.39,1.7,3.53,3.68,7.78,1.9,2.28,1.79,4.87,10.03,12.46,0.77,6.14,2.31,2.43,-0.65,1.44,1.25,2.72,0.9,4.46,1.57,3.38,2.53,6.16,6.98,10.58,5.92
3030,德律,上市,其他電子業,7.26,7.97,9.21,4.25,4.74,5.64,5.06,2.48,5.77,6.85,4.9,3.86,4.2,5.32,4.35,3.9,4.69,8.06,4.19,2.35,5.17,3.18,1.47,1.45,1.28,3.45,1.83,0.58,7.85,4.55,4.82,3.31,15.08,4.19,1.73,2.58,8.11,3.52,1.9
6139,亞翔,上市,其他電子業,2.96,2.07,2.15,1.74,0.26,0.87,0.01,0.06,0.69,1.66,-0.52,0.8,3.49,0.48,1.12,1.58,1.73,2.48,1.45,2.28,0.65,2.61,1.88,1.65,1.08,3.03,2.81,0.54,2.1,0.41,0.03,1.23,0.27,1.54,0.25,2.66,0.33,1.42,0.99
2302,麗正,上市,半導體業,3.09,3.25,2.0,1.23,1.88,1.48,0.28,4.97,2.21,0.1,-0.97,-0.81,0.17,0.85,-0.2,0.41,1.07,1.01,-0.8,-0.27,-0.3,-0.48,-1.03,-0.13,-0.14,0.56,0.51,0.17,1.06,0.0,-0.91,8.0,0.62,-0.39,-1.2,2.57,-1.07,1.13,-1.03
2303,聯電,上市,半導體業,9.14,7.34,6.88,5.94,6.97,4.84,4.07,4.77,4.19,2.88,0.59,1.53,0.95,0.46,0.04,-1.43,0.09,1.13,1.41,0.56,1.15,0.69,0.69,0.21,0.8,0.7,0.03,1.36,0.58,2.0,1.72,2.02,1.2,1.54,0.52,0.28,1.6,0.82,2.99
2330,台積電,上市,半導體業,10.68,9.82,9.03,7.83,7.69,6.84,7.37,7.85,7.83,7.12,7.1,7.23,6.44,4.05,3.59,6.15,5.81,4.67,5.74,6.72,6.49,4.74,6.16,7.5,7.8,5.85,5.18,6.14,6.79,7.25,7.28,7.99,8.32,6.72,5.48,5.42,6.7,6.83,5.14
2338,光罩,上市,半導體業,15.66,-9.93,-6.62,3.59,12.41,-2.84,7.92,14.33,7.37,2.51,-8.75,1.55,3.72,4.28,1.92,-1.66,-2.99,7.23,3.17,-1.94,-0.38,0.24,-0.83,-2.94,-1.88,-0.68,-1.62,-0.02,0.73,-4.2,0.04,0.28,0.15,0.35,0.66,0.78,0.41,0.52,-0.05
2344,華邦電,上市,半導體業,3.24,6.33,5.72,5.46,5.78,4.84,2.37,0.57,0.6,1.37,-0.13,-0.23,1.09,0.85,0.66,1.46,4.47,3.51,2.58,3.3,4.49,2.32,1.56,1.96,1.67,1.78,1.98,2.12,1.85,2.17,2.62,2.76,2.53,2.11,1.1,0.2,0.38,1.19,-0.98
2351,順德,上市,半導體業,4.04,4.42,3.98,3.57,4.06,3.7,3.14,2.45,1.9,1.44,1.04,1.23,2.44,2.85,2.66,3.6,4.27,4.63,2.9,3.16,4.33,3.77,3.13,4.29,4.22,3.83,3.23,2.39,4.39,2.8,3.11,4.55,5.48,3.89,3.19,2.88,4.25,3.75,2.36
2379,瑞昱,上市,半導體業,9.87,10.99,12.14,12.53,15.27,13.77,9.76,9.22,9.53,7.5,5.81,6.1,7.48,7.25,5.43,4.55,6.19,4.49,3.8,3.68,5.52,4.44,2.28,3.08,3.49,4.65,2.64,3.29,2.9,1.72,3.32,2.59,7.59,5.12,4.08,3.66,4.5,4.23,3.9
2388,威盛,上市,半導體業,1.82,-0.36,-0.04,25.78,-2.14,-3.37,15.43,68.09,-0.26,-1.99,0.78,0.57,0.75,0.54,0.41,0.24,0.39,0.53,0.84,-0.09,0.38,0.32,0.37,0.53,0.75,1.69,2.2,-14.01,74.1,-6.07,-22.91,-32.82,-14.18,-2.62,-13.13,-2.59,-4.14,5.95,-36.29
2436,偉詮電,上市,半導體業,-0.81,0.91,3.49,5.13,5.1,5.82,5.57,5.46,5.28,5.68,-4.59,2.76,3.16,1.54,3.76,-2.29,1.7,4.35,1.32,1.74,3.62,1.66,0.14,0.95,2.47,1.0,0.63,0.42,2.17,1.25,0.56,0.91,3.0,1.27,2.0,1.14,1.72,0.45,1.57
2449,京元電子,上市,半導體業,4.42,5.85,5.19,4.98,4.95,2.87,3.81,2.44,3.61,4.13,3.38,3.94,4.24,2.46,1.53,1.72,2.71,1.51,1.37,1.74,2.78,2.51,2.34,2.79,3.86,3.75,2.67,2.08,2.45,2.99,2.58,2.33,3.76,3.6,1.96,1.78,2.41,2.7,1.67
2454,聯發科,上市,半導體業,7.57,8.39,7.51,7.24,7.21,6.89,6.54,4.18,4.02,2.24,1.81,2.04,2.3,2.26,1.22,1.37,2.58,2.81,0.99,3.91,1.99,0.87,2.65,2.16,3.45,2.78,1.8,1.73,3.44,2.66,2.89,4.35,5.97,5.67,4.79,4.53,4.63,3.72,2.05
2458,義隆,上市,半導體業,5.56,7.46,6.75,12.58,14.26,13.42,11.0,13.73,14.23,11.98,0.56,13.75,10.8,6.57,5.65,6.82,7.23,5.05,3.47,3.31,5.71,4.1,1.79,2.08,3.47,1.75,1.25,2.25,3.19,1.97,2.77,3.91,5.04,5.84,3.82,4.77,3.9,6.35,4.88
2481,強茂,上市,半導體業,2.98,4.09,4.79,4.56,8.03,7.62,4.12,3.12,4.35,4.82,1.57,2.49,1.47,1.72,1.89,2.19,2.6,3.17,2.84,-12.77,4.31,3.41,2.55,2.02,2.25,1.94,2.83,2.05,1.78,0.66,-0.06,-1.57,0.91,0.54,0.12,-4.08,-0.77,-2.11,-2.63
3014,聯陽,上市,半導體業,6.15,5.2,6.41,6.91,9.78,8.37,7.41,5.31,8.06,5.89,3.09,3.4,4.76,3.73,2.06,2.02,4.92,3.04,2.74,2.06,3.43,2.46,2.27,1.84,3.65,2.36,2.0,2.5,3.19,0.99,2.57,0.89,3.5,3.14,2.78,1.63,2.52,1.08,0.81
3016,嘉晶,上市,半導體業,3.97,4.45,4.02,2.54,3.0,2.25,1.13,0.23,-0.71,0.57,0.59,-0.53,0.01,0.28,0.48,2.24,4.04,3.01,1.84,2.02,1.91,1.73,0.58,0.05,-0.66,0.9,0.66,-3.75,2.3,0.81,-0.77,-0.9,-0.87,1.42,1.95,-3.33,0.91,0.42,-0.58
3035,智原,上市,半導體業,7.49,8.57,8.57,6.74,5.33,2.81,2.74,0.37,1.11,2.67,0.69,0.86,2.9,1.11,1.95,1.58,1.79,0.55,1.25,0.76,2.31,2.76,10.08,0.65,1.05,2.53,1.44,-1.52,2.82,2.58,2.7,2.49,2.01,2.97,2.36,2.98,3.07,2.99,2.87
3189,景碩,上市,半導體業,6.79,6.85,5.27,4.77,5.13,3.45,1.28,1.14,0.64,1.18,0.28,0.29,-0.95,-3.62,-2.55,0.14,1.04,0.26,-0.06,-0.02,0.73,0.17,0.24,1.41,2.04,1.86,1.45,2.81,2.5,1.85,1.91,1.88,3.22,4.42,2.76,2.86,3.15,3.11,2.71
3443,創意,上市,半導體業,17.12,13.26,9.83,10.29,9.2,4.82,6.64,14.54,2.78,0.9,2.26,6.58,2.54,2.45,3.44,6.54,7.1,5.57,4.98,9.63,4.62,4.75,3.82,4.33,3.91,2.85,4.43,4.96,3.74,2.63,3.19,2.72,2.84,3.39,4.0,4.31,1.14,0.55,2.53
3450,聯鈞,上市,半導體業,3.87,3.49,3.09,2.77,4.0,3.55,3.25,2.3,2.32,3.27,2.28,2.12,3.11,3.23,1.54,3.02,5.43,5.99,3.01,5.94,5.9,5.7,3.4,7.74,6.37,8.9,8.32,10.94,10.83,9.34,7.06,6.92,10.09,10.02,7.73,6.89,8.91,6.6,2.98
3545,敦泰,上市,半導體業,-27.57,0.64,5.11,10.32,15.82,21.41,10.14,7.37,3.53,1.27,0.75,0.65,0.93,-1.72,-2.42,-28.22,0.71,0.74,0.09,-2.39,1.22,0.28,-0.07,1.29,0.84,0.59,-0.84,0.25,1.68,0.51,-0.73,-1.87,-2.46,4.06,4.9,-1.66,3.6,8.24,3.07
3661,世芯-KY,上市,半導體業,3.68,3.78,4.15,3.49,3.73,4.03,5.64,6.24,6.48,5.51,5.13,4.33,3.66,2.48,3.32,-2.32,3.09,4.12,4.12,3.0,3.77,3.69,1.49,1.91,-1.02,-9.05,0.31,2.74,3.52,0.61,-2.04,0.42,4.76,3.36,3.11,12.03,,-5.1,
3686,達能,上市,半導體業,-0.87,-1.09,-1.23,9.87,-8.45,-1.6,-2.48,-6.92,-1.77,-2.15,-6.73,-13.89,0.43,-2.36,-3.4,-63.15,-7.78,-17.19,-6.18,-4.68,-4.88,-5.88,-5.39,-9.3,-5.58,-1.67,-1.64,-4.39,-2.42,-3.28,-2.75,-3.55,-2.73,-2.1,-1.96,-3.67,-3.14,-3.25,-3.7
4919,新唐,上市,半導體業,5.96,9.12,8.0,7.3,4.64,7.41,2.3,0.73,1.59,4.54,0.15,3.0,4.83,5.02,0.81,4.19,5.42,7.17,2.67,4.0,5.96,7.34,2.66,3.91,4.47,8.2,2.5,2.08,4.94,5.44,3.24,1.05,3.11,6.38,1.56,0.87,1.99,4.05,2.23
4967,十銓,上市,半導體業,-4.11,-1.1,1.64,-8.15,-8.33,6.92,9.9,1.64,-5.25,2.84,12.86,-2.43,4.43,-4.75,3.57,1.89,5.55,12.42,,17.95,,18.12,,31.13,,-7.24,,-26.27,,-20.09,,0.37,,13.16,,-0.1,,14.54,
4968,立積,上市,半導體業,4.24,1.67,0.13,-2.94,1.12,9.8,11.09,16.3,18.22,12.43,3.09,3.38,7.76,5.22,-0.94,3.43,4.89,4.45,3.48,5.96,6.38,8.32,-5.38,5.45,3.45,5.35,3.05,3.59,10.83,10.48,6.88,7.37,,10.3,,4.03,,1.59,
5222,全訊,上市,半導體業,3.69,0.76,3.05,5.26,3.98,6.61,7.48,16.65,,2.97,6.73,20.68,,9.34,,5.29,,7.89,,7.71,,8.14,,35.91,,7.97,,19.48,,-7.42,,-34.82,,-14.31,,-41.5,,-32.14,
5269,祥碩,上市,半導體業,4.85,4.59,5.3,4.53,7.05,5.73,5.23,5.63,7.61,12.21,20.01,9.78,10.99,8.99,10.98,14.61,14.67,11.9,8.01,7.3,13.87,-1.01,7.14,8.13,8.32,3.86,4.52,5.54,7.6,0.53,2.85,4.66,4.76,6.02,4.31,1.8,1.29,2.76,2.0
5285,界霖,上市,半導體業,3.43,5.93,3.87,3.32,4.16,6.44,4.95,2.87,0.9,1.32,0.59,0.77,2.34,3.79,2.59,3.07,5.42,4.93,4.59,6.23,6.79,4.26,1.27,3.72,2.63,1.56,1.82,1.55,4.49,2.21,2.49,3.77,3.72,4.19,3.34,2.97,2.37,4.85,
5471,松翰,上市,半導體業,2.65,6.11,4.75,6.76,12.05,9.22,6.69,7.01,8.6,10.49,4.74,2.77,3.08,4.28,1.36,2.01,4.71,3.98,0.87,1.34,2.83,2.94,1.06,2.26,2.46,3.77,0.87,2.35,3.73,4.25,2.16,3.28,4.25,5.32,3.5,4.15,3.71,4.91,3.3
6257,矽格,上市,半導體業,5.96,6.44,5.35,4.43,5.76,4.78,3.97,3.78,4.03,3.67,2.57,5.24,3.26,2.39,1.73,2.03,3.6,4.12,2.18,6.9,2.67,2.39,1.84,2.79,3.31,2.39,1.51,2.18,2.77,2.74,1.87,2.66,3.69,3.73,3.0,2.41,3.61,3.34,1.89
6271,同欣電,上市,半導體業,3.24,4.22,3.87,3.24,4.15,2.86,2.23,2.34,1.87,1.9,2.64,2.45,1.9,1.89,1.1,2.86,3.6,1.96,1.52,2.93,3.86,1.99,0.86,3.09,2.33,2.64,2.2,2.5,4.12,1.88,2.07,3.41,5.27,3.86,3.24,4.43,5.8,3.74,3.57
6415,矽力*-KY,上市,半導體業,5.07,8.09,6.63,5.88,8.93,7.82,5.14,6.01,4.63,4.45,4.44,4.63,4.2,5.06,2.75,3.08,4.7,4.25,3.81,4.64,4.85,5.61,4.28,6.82,6.74,6.98,5.06,9.3,7.21,8.36,5.64,7.02,7.23,8.25,4.13,8.8,9.1,,
6533,晶心科,上市,半導體業,5.88,1.5,2.61,0.63,1.46,4.92,2.32,10.57,-2.7,-1.59,-3.29,0.88,0.35,2.17,-2.0,3.43,-0.58,2.59,-1.88,0.03,1.55,0.27,0.03,2.41,-0.79,-2.84,-2.68,-0.56,,1.03,,,,,,,,,
8028,昇陽半導體,上市,半導體業,4.46,3.6,2.64,4.25,2.5,1.52,0.81,1.72,0.44,1.4,1.31,2.43,4.78,4.03,2.75,3.01,2.86,2.71,1.81,3.62,,6.92,,7.11,,5.16,,8.04,,3.93,,,,,,,,,
8081,致新,上市,半導體業,6.61,9.4,9.94,9.25,11.42,9.17,7.79,5.82,6.64,4.86,4.83,3.84,4.73,4.8,3.62,3.13,4.9,3.37,1.14,1.42,2.59,2.04,2.15,3.36,2.66,2.15,2.17,2.72,4.03,1.61,2.67,3.46,4.72,2.93,3.89,2.96,4.02,3.52,2.97
8261,富鼎,上市,半導體業,4.52,7.52,12.21,9.77,10.0,7.82,6.85,4.65,3.65,3.3,1.56,0.18,1.14,0.48,1.12,2.33,3.73,4.4,1.05,2.04,1.79,0.75,-1.69,0.24,0.54,4.02,0.55,-0.71,2.43,1.29,2.1,3.43,2.33,0.8,1.33,-3.69,-0.6,-0.5,-0.99
1451,年興,上市,紡織工業,1.48,2.25,2.48,1.03,1.2,0.13,0.88,0.05,-0.57,-2.22,-3.37,-0.73,-0.17,-0.21,0.14,1.64,2.09,2.73,-1.08,1.7,0.97,-0.5,1.28,1.25,1.69,2.08,2.3,2.57,3.42,0.48,0.46,1.33,1.51,1.49,2.41,1.6,2.31,2.51,1.45
4426,利勤,上市,紡織工業,0.82,-1.33,-3.17,-3.54,-3.45,-3.87,-1.87,-0.89,-1.23,-2.06,0.78,0.84,4.07,2.51,3.98,2.07,2.42,2.41,3.69,1.2,2.28,2.3,1.81,5.79,9.48,3.77,11.6,7.93,9.9,8.73,9.13,8.29,6.07,1.99,4.2,5.51,3.45,3.73,4.79
2905,三商,上市,貿易百貨,5.09,-8.53,-6.21,0.17,-1.26,2.65,3.91,2.61,-1.57,2.75,2.18,4.91,5.65,6.7,0.86,-1.51,-4.34,8.49,-1.72,-2.72,5.33,10.1,-3.6,-2.42,5.05,7.69,1.14,-4.06,4.86,7.52,2.59,0.64,5.46,6.05,-2.38,0.85,2.16,3.7,0.84
2929,淘帝-KY,上市,貿易百貨,7.96,-2.44,0.8,-4.02,-3.38,-12.94,-2.41,-22.42,-14.4,-13.08,-0.78,7.27,4.02,5.67,4.37,8.15,3.17,4.33,4.62,5.84,5.49,7.51,4.15,5.31,1.04,7.81,6.01,9.44,4.87,5.9,5.36,10.31,5.01,5.95,6.34,11.43,11.84,9.25,8.19
5907,大洋-KY,上市,貿易百貨,-2.09,-1.82,-1.07,-1.07,-1.96,0.04,0.12,2.28,-1.17,-1.08,-1.44,3.59,0.0,0.92,2.12,1.9,-0.18,1.6,1.64,4.3,-1.66,-0.14,1.02,3.25,-0.76,1.48,-0.73,1.95,-4.56,1.98,3.4,3.34,0.74,2.59,3.51,3.43,2.26,1.9,2.5
8454,富邦媒,上市,貿易百貨,8.87,9.33,8.9,10.94,9.25,11.88,10.64,9.19,6.85,7.5,6.91,6.92,4.61,5.07,6.18,6.84,5.54,7.2,5.09,6.36,4.47,6.21,5.22,5.09,4.62,5.2,5.78,4.19,4.21,4.12,3.96,6.84,14.91,21.07,,,,,
2345,智邦,上市,通信網路業,14.57,12.7,7.9,10.34,8.16,6.74,7.47,9.9,12.27,9.16,7.77,8.75,15.66,12.88,7.08,8.1,9.16,8.37,5.24,6.64,7.54,7.26,7.17,6.19,5.95,5.86,4.78,5.65,5.05,3.03,1.44,3.21,0.92,2.15,2.62,2.25,1.98,2.74,0.94
1907,永豐餘,上市,造紙工業,2.5,1.02,0.6,1.26,3.1,4.49,3.93,3.06,5.07,3.16,1.44,1.0,2.57,1.28,0.47,0.47,2.06,1.25,0.39,0.45,2.93,1.64,0.15,0.29,1.06,0.0,-0.04,0.19,1.46,0.97,-0.11,1.31,1.19,-0.05,-0.68,0.54,0.44,-0.06,0.38
2308,台達電,上市,電子零組件業,5.87,4.46,3.54,3.71,3.71,4.47,3.87,4.51,5.38,4.8,1.29,2.9,3.03,6.27,2.43,4.49,4.76,2.58,2.13,3.78,4.53,3.48,3.1,4.01,4.71,3.46,3.1,4.59,6.08,3.89,3.68,4.83,5.92,5.34,4.46,5.07,5.03,4.73,3.95
2355,敬鵬,上市,電子零組件業,1.32,0.77,0.02,-0.1,2.09,0.58,-0.35,0.66,0.18,-0.7,0.16,1.17,2.02,0.76,0.27,1.06,3.18,-4.12,1.02,1.49,3.1,2.45,2.37,4.13,3.65,3.68,3.94,3.81,4.45,2.0,2.46,3.49,3.06,2.23,3.57,3.16,3.3,3.45,3.29
2368,金像電,上市,電子零組件業,10.39,11.7,6.81,7.47,7.49,7.12,6.23,3.92,6.74,9.29,5.42,4.65,1.47,-1.2,-3.1,0.37,3.7,1.48,-2.27,-0.14,-1.83,0.74,-2.64,1.79,1.83,0.95,-2.48,-0.52,-0.29,-1.18,3.38,6.16,5.39,1.18,-3.66,-4.25,-0.75,-2.31,-6.14
2383,台光電,上市,電子零組件業,6.48,5.28,6.4,7.86,10.36,7.34,5.61,6.05,7.75,6.24,5.3,8.73,7.85,5.47,3.88,3.66,5.8,3.41,2.28,4.9,7.13,6.91,6.75,7.8,8.62,6.12,5.6,6.29,8.76,5.66,6.46,6.91,6.43,4.27,3.55,2.73,4.17,2.97,2.83
2428,興勤,上市,電子零組件業,4.67,4.77,4.66,4.52,4.72,5.47,5.33,5.97,6.31,5.15,2.98,4.47,5.22,4.03,4.07,4.03,6.13,5.43,1.69,4.7,4.46,7.56,4.01,4.83,6.59,4.61,2.58,3.12,6.02,3.01,3.1,4.28,4.83,2.81,3.9,4.28,3.64,3.14,2.23
2472,立隆電,上市,電子零組件業,5.41,5.36,4.45,4.37,4.8,4.46,4.03,3.2,5.15,4.94,3.0,2.7,2.35,2.58,2.83,3.12,4.82,5.17,3.62,3.66,7.41,4.07,0.85,3.55,2.41,1.74,3.43,1.72,4.44,1.99,2.24,3.77,4.99,3.95,2.65,3.86,1.27,3.01,2.52
2476,鉅祥,上市,電子零組件業,5.78,3.97,3.6,2.62,4.37,4.14,2.54,2.78,2.38,2.46,-0.56,1.55,1.95,2.36,1.43,2.14,2.44,2.91,-0.55,2.36,3.51,2.27,0.9,3.69,2.88,2.96,1.71,2.54,3.35,1.95,1.51,1.91,2.58,2.26,1.84,2.14,1.91,2.25,1.04
2493,揚博,上市,電子零組件業,6.24,5.84,6.33,4.68,2.44,3.96,3.98,3.11,1.91,3.47,5.13,2.17,1.84,3.2,2.44,4.85,3.83,4.21,2.12,2.05,3.67,4.0,1.45,2.94,4.21,3.12,4.63,3.26,6.23,1.89,2.22,4.77,3.81,4.84,4.22,2.04,2.76,3.81,3.69
3003,健和興,上市,電子零組件業,4.64,4.88,4.52,4.24,3.91,3.38,3.9,1.71,1.58,1.55,2.97,1.77,3.0,2.47,2.15,2.95,2.82,3.41,1.56,2.61,3.4,3.39,2.24,3.25,1.98,2.29,1.96,1.8,3.46,2.13,2.2,2.48,2.58,2.63,3.2,3.22,3.07,1.39,2.29
3015,全漢,上市,電子零組件業,2.65,1.31,1.11,1.51,2.26,1.35,1.2,1.17,3.02,3.03,-0.19,0.45,1.61,-0.01,-0.4,-0.48,1.32,0.16,0.11,0.58,3.04,-0.11,0.28,1.38,1.18,0.66,0.59,3.13,1.78,-0.71,0.21,1.18,2.32,0.79,1.27,1.51,1.77,3.11,1.4
3021,鴻名,上市,電子零組件業,4.02,2.94,4.0,0.76,5.17,2.0,2.72,1.11,2.66,4.72,-0.45,1.75,3.68,3.97,1.76,1.44,3.14,4.1,1.74,1.91,2.91,3.73,1.17,2.22,2.59,2.89,1.25,2.31,2.59,1.95,0.41,1.44,1.54,2.04,1.9,0.2,1.31,2.18,0.61
3023,信邦,上市,電子零組件業,7.43,6.84,6.01,4.57,6.91,6.77,6.1,5.31,8.08,7.7,5.38,3.54,7.55,7.02,4.9,3.17,7.48,6.65,4.23,3.9,6.17,6.12,4.91,4.39,5.42,5.53,5.33,3.08,5.64,4.86,4.58,2.8,4.79,4.55,4.11,2.55,4.73,3.67,3.02
3037,欣興,上市,電子零組件業,11.29,11.38,8.54,8.22,7.36,3.23,4.05,3.88,3.21,3.05,0.49,2.3,2.81,1.14,0.68,1.68,2.23,-0.5,0.52,2.08,-0.69,-0.22,0.32,2.03,-0.52,-0.44,-0.48,1.83,0.28,-0.7,-1.31,-0.89,0.96,0.55,0.11,-0.48,0.76,0.53,1.09
3042,晶技,上市,電子零組件業,7.27,6.82,5.16,5.64,8.05,8.89,6.28,4.14,4.82,4.25,2.91,2.59,2.76,1.57,0.88,2.35,2.85,1.31,0.91,2.69,2.53,1.78,3.29,3.14,2.74,2.1,2.14,2.46,2.87,1.86,2.46,3.04,3.25,2.9,2.62,2.96,3.34,2.74,2.55
3338,泰碩,上市,電子零組件業,4.48,4.4,3.52,4.35,3.37,2.76,0.67,2.39,2.26,5.42,3.89,5.11,6.81,4.19,3.68,4.37,6.7,3.73,-3.68,-1.17,3.37,2.66,-1.18,7.04,6.04,3.1,1.55,5.3,4.81,0.9,1.52,4.35,4.22,4.61,2.99,6.18,2.78,8.55,
3533,嘉澤,上市,電子零組件業,9.32,7.42,7.46,5.92,6.01,4.74,5.6,4.85,5.88,7.4,3.39,5.15,6.72,3.77,3.09,5.47,5.82,4.54,3.1,2.48,4.55,2.8,2.48,3.74,2.72,0.88,0.95,2.74,3.95,0.97,2.32,3.98,4.33,2.55,4.14,4.87,1.37,1.97,2.84
3605,宏致,上市,電子零組件業,1.85,2.09,2.93,0.94,2.72,3.89,3.31,0.98,2.61,3.04,-0.64,1.49,3.53,1.2,0.79,1.67,3.42,1.87,-1.68,-0.31,1.68,0.61,-0.45,2.53,1.87,0.42,0.08,1.13,2.29,-0.42,0.65,1.29,3.85,4.75,1.63,2.59,1.7,1.27,-0.25
3653,健策,上市,電子零組件業,9.15,8.36,6.01,4.46,5.56,3.58,3.0,2.31,2.84,3.9,4.06,3.72,3.51,3.57,3.09,2.76,3.59,3.57,0.91,0.69,2.57,2.09,0.12,2.24,0.7,1.86,0.89,0.0,2.72,1.31,1.08,1.72,2.56,2.94,1.87,2.43,3.58,0.69,0.08
4927,泰鼎-KY,上市,電子零組件業,0.77,4.62,5.34,7.76,5.37,3.93,2.05,2.82,5.05,4.9,3.93,0.63,3.64,3.76,3.96,4.45,6.44,3.09,2.26,0.07,0.17,0.11,1.62,-1.57,2.66,3.12,2.43,3.53,6.5,1.97,1.57,1.61,5.03,3.36,3.93,2.2,5.02,1.42,4.35
4943,康控-KY,上市,電子零組件業,-42.12,-42.76,-25.1,-43.18,-81.21,-4.92,-3.77,-1.59,1.41,-1.57,-1.82,3.79,5.06,3.51,-3.93,6.83,14.51,4.58,0.75,15.12,18.27,0.93,0.76,2.55,2.95,0.96,1.69,7.3,,5.87,,6.03,,3.35,,5.41,,-3.58,
6191,精成科,上市,電子零組件業,4.26,3.39,4.07,4.27,5.98,4.01,4.3,3.72,4.37,3.1,0.44,2.02,2.33,0.66,1.05,0.42,1.2,0.42,0.82,1.77,1.62,0.6,-0.2,2.03,1.7,0.67,0.55,-1.88,0.22,0.72,-2.06,0.21,0.94,0.34,-0.16,-3.14,0.26,-0.49,-0.28
6197,佳必琪,上市,電子零組件業,7.33,4.67,1.44,3.83,3.62,3.74,2.13,1.66,2.06,4.83,0.88,0.71,4.13,3.24,0.54,1.89,3.5,3.47,0.08,0.48,3.25,2.56,1.71,3.92,4.03,2.65,1.06,0.79,3.77,0.9,1.67,2.99,1.97,1.2,2.2,1.0,1.83,0.97,0.74
6224,聚鼎,上市,電子零組件業,0.24,-4.32,1.92,1.77,3.99,4.65,4.79,5.92,5.06,4.87,3.59,5.32,6.64,4.08,1.76,2.84,4.88,5.64,3.67,4.13,5.08,4.31,2.9,4.13,5.36,5.79,3.93,5.21,6.74,6.89,4.99,5.25,5.37,6.55,4.53,5.68,5.4,5.89,4.26
6449,鈺邦,上市,電子零組件業,3.93,4.27,3.24,3.08,3.44,2.99,3.05,3.08,4.5,4.22,1.29,2.31,3.24,1.55,0.1,-0.4,2.23,4.21,4.31,4.38,5.05,4.06,0.88,5.72,4.12,4.03,2.21,4.28,5.38,3.04,3.5,5.1,5.17,10.32,,,,,
8046,南電,上市,電子零組件業,12.05,11.08,9.11,9.17,8.77,6.86,4.78,4.18,3.43,2.81,1.59,0.96,1.21,-0.16,-0.94,0.88,0.16,-0.72,-2.22,-1.52,-1.35,-0.56,-2.73,2.31,-2.67,-0.65,-0.88,-0.28,1.19,-0.09,1.47,0.75,1.27,2.3,0.03,-0.54,-0.19,-0.61,-1.18
8213,志超,上市,電子零組件業,2.08,2.32,3.35,7.05,3.46,3.92,2.83,2.6,3.21,2.79,7.17,1.53,2.74,2.24,2.16,3.23,3.57,1.76,1.33,1.64,2.27,1.62,1.35,2.91,2.32,1.05,1.39,1.95,2.57,2.01,2.61,3.3,4.81,3.74,2.89,3.46,3.16,3.74,3.28
1513,中興電,上市,電機機械,4.61,4.79,4.72,5.24,3.83,2.75,5.5,8.24,3.93,3.48,1.38,1.79,3.12,1.58,1.85,1.47,2.01,2.45,1.52,1.32,2.79,1.4,1.4,0.15,2.73,1.84,1.91,0.09,4.25,1.38,1.54,3.84,1.78,2.01,1.15,3.13,1.14,1.85,1.41
1514,亞力,上市,電機機械,3.48,4.08,3.56,2.14,3.08,2.54,2.93,1.61,2.7,2.93,2.81,2.49,2.53,2.7,2.33,2.49,1.55,1.58,1.83,1.67,1.42,1.21,0.04,-0.24,0.19,0.51,3.07,0.27,2.51,0.83,0.73,2.18,1.39,-0.28,0.86,0.62,0.03,0.83,1.09
1535,中宇,上市,電機機械,3.84,6.14,3.24,3.07,3.21,3.88,2.94,2.31,1.95,1.48,1.02,1.36,1.19,1.04,0.67,1.33,0.41,0.46,1.04,2.33,2.16,1.06,0.61,1.56,1.88,1.95,2.04,3.68,3.74,3.46,3.62,6.2,6.05,3.93,4.15,4.75,4.75,4.86,5.79
1538,正峰,上市,電機機械,-8.17,19.17,-109.27,-116.96,-14.17,-9.29,-10.33,-29.37,-17.61,-3.62,44.32,-44.76,-3.18,-2.79,-15.71,-9.25,-2.09,-5.94,-9.62,-4.05,-8.76,-20.89,2.18,-11.0,-1.58,-2.14,-1.54,-5.14,20.32,-10.98,-11.35,-4.72,-4.07,-0.51,2.81,-28.21,-4.49,-4.02,-7.07
1558,伸興,上市,電機機械,2.74,4.03,3.16,-0.48,0.27,3.84,6.29,4.44,6.74,3.95,2.48,2.47,6.01,4.45,1.71,3.27,9.2,9.79,-1.2,3.04,5.63,5.82,-1.81,5.62,6.11,6.04,2.06,4.19,9.31,4.89,2.85,5.58,8.13,4.58,3.93,4.21,9.35,7.11,5.25
1590,亞德客-KY,上市,電機機械,3.74,4.47,4.77,5.3,6.52,7.83,6.5,7.38,7.92,7.14,2.21,4.65,2.48,4.3,3.89,4.08,2.8,4.92,5.31,5.09,6.85,9.0,5.79,3.12,6.21,5.72,4.15,2.96,2.56,5.57,2.46,4.11,4.17,6.82,4.18,5.48,7.77,8.92,4.34
2049,上銀,上市,電機機械,4.22,3.84,4.39,1.26,4.46,3.5,1.74,1.94,3.67,2.18,-0.81,-0.08,1.4,3.1,2.26,2.46,7.93,8.17,6.64,3.6,5.35,4.18,1.34,2.31,1.62,2.19,0.49,0.3,3.71,2.6,3.32,5.69,5.86,2.36,4.11,6.27,5.75,3.94,1.68
4552,力達-KY,上市,電機機械,2.53,1.62,1.23,2.28,2.38,1.31,0.97,1.73,2.08,2.18,-0.78,2.18,1.92,1.97,1.24,2.47,5.14,4.16,3.63,4.81,5.91,5.06,3.98,5.91,6.13,6.79,7.71,7.29,8.51,9.35,8.31,,,,,,,,
4562,穎漢,上市,電機機械,0.47,-1.2,-1.83,-4.18,-2.81,-5.23,-2.44,-5.8,-2.78,-2.19,-4.08,-5.74,-1.61,1.12,0.66,2.52,3.4,5.56,0.54,4.05,2.96,4.89,1.96,15.02,,4.86,,11.68,,11.28,,,,,,,,,
5288,豐祥-KY,上市,電機機械,6.47,5.51,5.2,4.07,3.72,6.42,5.86,7.81,5.83,0.41,4.78,5.43,4.99,4.78,5.8,6.0,5.47,4.81,4.31,5.68,4.49,4.45,3.91,5.71,4.47,3.93,5.05,5.76,7.08,3.66,4.98,4.93,4.22,11.45,,,,,
2357,華碩,上市,電腦及週邊設備業,3.0,1.03,4.33,5.32,5.35,5.3,4.6,5.04,5.84,3.31,0.61,1.62,3.41,1.09,1.43,-1.52,2.09,0.95,1.47,2.36,3.39,1.13,2.0,2.79,3.53,2.46,2.46,2.75,2.56,2.72,2.17,2.9,4.02,3.37,3.14,4.29,3.85,3.61,4.45
2387,精元,上市,電腦及週邊設備業,6.77,2.79,3.52,2.23,3.08,4.13,2.4,5.18,7.22,5.96,-1.17,-0.51,3.18,1.75,-1.24,1.39,1.35,1.46,-2.46,-0.46,0.39,-0.11,2.46,1.9,1.52,1.12,1.85,4.12,3.16,0.31,1.36,2.64,2.95,2.39,0.83,0.08,-0.09,-0.53,1.82
2395,研華,上市,電腦及週邊設備業,8.0,6.7,6.93,6.15,6.61,5.55,5.76,5.08,6.12,7.85,4.17,5.35,7.19,6.3,5.3,5.69,6.28,5.71,4.79,6.02,6.3,6.76,4.65,5.79,6.35,6.2,5.44,5.91,5.72,6.01,5.25,5.75,6.64,5.98,5.72,5.48,6.33,6.25,4.55
3005,神基,上市,電腦及週邊設備業,3.83,1.55,2.65,3.79,3.31,13.93,2.92,4.4,4.01,5.88,2.01,4.6,4.13,3.51,2.29,4.14,4.9,3.22,3.22,3.7,4.35,3.11,2.89,6.89,3.68,2.82,2.27,2.75,2.08,2.08,2.81,4.34,-0.09,1.64,0.34,1.65,0.64,0.77,0.76
3017,奇鋐,上市,電腦及週邊設備業,8.52,8.31,6.26,5.83,7.47,8.25,5.73,5.46,6.64,6.52,2.14,3.28,2.97,2.48,1.84,2.06,2.34,2.14,1.64,2.6,3.21,2.71,2.6,3.51,2.95,2.13,2.38,2.52,2.62,1.58,1.99,2.34,4.58,1.85,0.83,0.91,1.09,1.01,0.28
3416,融程電,上市,電腦及週邊設備業,7.14,4.07,3.69,3.32,5.2,4.36,3.64,3.22,3.64,2.72,2.41,2.55,2.91,3.28,2.7,3.38,2.24,2.29,2.05,2.39,2.09,1.86,1.85,2.61,2.45,3.42,2.92,3.68,3.54,2.82,3.05,3.85,5.15,3.78,3.34,4.34,5.02,4.67,4.59
3515,華擎,上市,電腦及週邊設備業,2.69,3.58,7.73,8.33,5.51,11.31,7.21,5.15,7.85,6.35,3.17,3.2,3.74,1.86,1.65,1.75,2.51,2.79,3.1,2.1,3.14,1.18,1.58,-0.03,0.89,0.17,1.13,0.93,0.88,0.42,1.3,1.89,2.6,-0.32,3.86,3.41,4.5,4.66,4.47
8210,勤誠,上市,電腦及週邊設備業,9.71,6.37,2.93,3.77,5.56,4.54,3.13,9.25,6.85,7.56,3.79,8.69,7.41,6.01,5.67,9.02,6.49,4.58,1.83,5.16,2.92,3.77,4.35,6.66,5.03,6.23,4.03,6.39,5.35,4.48,3.33,4.56,4.03,8.2,5.75,3.96,3.74,4.15,3.41
1210,大成,上市,食品工業,2.65,2.43,2.28,2.13,1.35,1.46,3.4,3.92,5.18,4.03,3.15,3.27,4.13,3.04,2.18,2.62,2.48,1.72,4.16,4.19,3.71,1.84,3.11,2.86,3.77,3.29,3.06,-0.69,2.01,0.71,0.45,-1.48,2.78,1.98,1.92,8.91,2.47,-0.37,1.66
1219,福壽,上市,食品工業,-0.78,2.93,4.23,1.25,-0.82,0.75,4.96,2.88,3.03,1.48,6.07,3.13,0.32,-0.21,0.39,-0.21,-3.87,0.39,1.13,1.88,0.34,-0.89,0.07,0.13,0.16,0.5,0.68,0.92,0.38,-0.18,0.48,1.9,0.01,0.22,1.15,1.82,0.15,-0.39,-0.93
1220,台榮,上市,食品工業,-0.17,0.76,1.62,1.42,1.4,2.32,2.82,2.4,2.36,2.14,0.73,1.96,2.03,1.19,0.62,1.06,0.88,1.36,1.41,0.55,1.55,1.21,0.24,2.75,1.12,2.5,1.68,1.17,2.95,0.84,-0.17,-0.33,0.49,0.65,1.05,-1.08,1.95,-0.48,1.4
1232,大統益,上市,食品工業,2.78,7.49,9.36,7.53,3.16,5.75,10.18,9.81,8.84,6.3,6.4,5.97,6.33,5.51,7.41,7.58,5.61,6.35,5.15,5.78,6.84,5.56,4.45,7.1,5.59,7.53,4.66,6.19,8.3,5.1,6.6,12.01,4.9,4.56,8.72,6.81,3.57,6.09,6.71
1256,鮮活果汁-KY,上市,食品工業,6.43,2.03,1.27,0.24,9.43,8.57,7.19,6.27,17.6,10.44,0.56,4.2,9.62,9.76,4.92,3.31,9.8,9.74,4.15,1.86,10.09,10.41,4.66,2.33,10.62,8.29,4.39,1.12,7.86,9.93,5.64,4.09,11.09,11.07,8.51,6.22,12.89,11.98,9.34
1584,精剛,上櫃,其他,2.01,3.12,2.34,2.07,1.21,0.42,0.46,0.72,3.08,1.1,-0.66,-2.83,-1.37,-1.0,-1.44,-2.82,-0.23,-0.84,-3.35,-3.18,-0.96,-2.13,-1.36,-0.08,0.07,0.77,-0.63,-6.64,-1.78,0.34,-0.43,0.51,-0.64,-2.01,-2.2,-3.43,-2.64,-4.07,-3.65
2640,大車隊,上櫃,其他,4.86,4.45,5.94,5.26,2.07,2.13,5.61,5.45,6.64,4.65,3.92,4.66,5.96,5.87,3.15,3.83,4.56,4.11,4.78,3.9,4.31,5.33,4.21,3.2,3.18,1.98,3.61,2.03,3.91,5.12,3.97,6.33,5.34,5.55,5.2,5.54,5.82,5.49,4.13
5209,新鼎,上櫃,其他,15.7,5.32,5.08,21.33,8.78,7.49,9.65,6.94,16.12,16.48,8.81,2.94,2.94,4.26,3.43,3.51,3.77,3.6,3.34,2.9,3.59,4.63,3.35,3.42,3.31,4.19,3.14,3.99,4.18,3.81,3.8,3.76,3.45,3.72,3.97,4.78,6.29,6.19,2.63
5345,天揚,上櫃,其他,-18.48,-28.2,-29.08,-2.61,-4.55,-6.29,-3.96,-32.41,-33.24,9.76,-37.19,-34.35,-18.56,-22.97,3.4,-8.39,-10.15,-2.61,-2.85,-13.71,0.22,-6.73,3.01,-13.27,2.7,6.11,-9.21,11.09,5.15,7.52,1.23,-0.97,0.06,29.86,-0.72,0.17,-0.17,0.34,0.72
5604,中連,上櫃,其他,0.99,0.88,0.81,1.52,0.64,0.55,19.31,0.53,34.85,1.35,0.49,4.83,-0.22,21.39,0.14,1.58,0.4,0.31,16.49,3.21,0.43,0.17,0.26,1.47,0.88,0.94,0.93,13.94,1.43,1.58,1.24,2.02,1.76,1.08,0.93,2.19,1.7,1.32,0.81
6803,崑鼎投控,上櫃,其他,6.06,5.15,4.68,4.16,5.9,4.69,4.37,4.35,6.03,4.57,4.23,4.69,5.86,4.79,4.4,3.74,5.85,5.13,4.19,4.05,5.73,4.78,4.24,3.56,6.34,4.6,13.24,3.37,5.41,4.99,4.05,3.61,5.41,4.81,3.88,3.14,5.37,5.19,3.95
8390,金益鼎,上櫃,其他,0.73,4.48,4.49,3.29,2.87,3.96,5.19,1.91,5.18,3.64,1.73,1.93,1.54,2.19,2.14,0.09,-1.86,2.05,2.58,1.06,1.23,2.45,-1.81,-0.17,-0.92,0.37,0.75,-7.03,-1.48,-0.07,-0.24,-0.41,0.8,0.94,-0.57,-0.23,0.27,-1.3,0.33
8420,明揚,上櫃,其他,12.31,12.22,7.66,7.23,7.7,6.17,2.33,4.46,4.23,-1.19,0.97,2.0,4.86,4.51,3.49,6.03,2.89,3.71,-2.38,2.28,0.04,0.93,-1.87,4.11,1.55,4.81,3.38,4.84,4.35,4.98,3.38,3.51,-3.66,-0.76,4.67,2.44,,10.25,
8924,大田,上櫃,其他,9.7,19.16,7.88,11.06,16.67,16.83,12.1,6.12,9.34,5.33,-0.52,2.77,4.4,9.19,4.43,1.75,3.93,-4.34,0.89,3.28,51.61,-5.66,-4.86,0.39,-0.35,-2.97,-6.47,0.84,-0.42,-4.78,1.71,5.12,0.39,-5.91,-1.26,3.07,-1.82,-3.67,-0.74
8928,鉅明,上櫃,其他,3.92,8.59,10.46,9.04,4.89,4.74,7.09,6.11,3.24,1.11,5.03,4.9,0.79,5.78,9.99,2.3,-3.05,5.31,6.29,4.0,3.84,1.34,3.86,3.79,-3.61,0.35,10.29,10.59,1.32,0.89,16.08,18.14,-6.33,11.95,16.15,19.18,9.14,0.46,-29.0
8938,明安,上櫃,其他,10.67,10.86,8.75,8.16,5.24,7.49,6.2,6.48,6.04,0.69,2.43,4.44,2.18,3.73,5.04,6.16,2.66,5.07,1.18,5.07,1.55,2.41,2.73,7.5,1.22,-0.05,2.34,5.33,0.51,-4.97,0.92,2.98,-3.17,-4.09,2.25,2.47,-4.51,-2.44,1.6
6509,聚和,上櫃,化學工業,5.84,4.67,3.95,2.77,2.99,4.2,4.69,1.95,2.54,2.94,2.99,1.99,1.97,2.49,1.3,1.36,2.12,1.66,1.13,1.22,0.5,1.33,-0.13,1.09,-0.21,1.26,1.43,1.2,1.86,1.29,1.66,0.94,0.72,0.85,0.2,-0.07,1.9,1.53,1.34
3169,亞信,上櫃,半導體業,6.04,6.26,6.71,7.75,7.93,4.99,5.19,6.67,5.0,4.21,2.35,3.93,4.18,4.3,3.82,5.32,4.09,3.64,1.8,3.02,3.47,3.64,2.51,2.28,2.6,1.94,1.39,3.27,3.01,0.51,1.48,3.18,2.4,1.98,1.14,3.8,3.31,3.82,2.4
3260,威剛,上櫃,半導體業,1.38,0.11,3.73,0.81,-0.03,13.16,6.94,3.48,3.71,3.33,5.32,-3.11,5.04,1.06,2.06,-5.01,0.28,0.93,0.64,-0.35,5.04,5.92,8.38,9.11,4.51,1.14,1.49,1.6,0.95,-3.32,0.32,-1.3,1.55,4.54,3.84,0.92,1.1,13.4,8.58
3264,欣銓,上櫃,半導體業,7.56,6.14,4.51,5.0,5.76,4.81,3.81,4.5,3.92,3.97,2.8,2.84,3.22,2.38,1.63,3.96,4.38,3.55,2.94,3.91,4.07,2.27,2.16,2.74,2.99,2.39,1.11,1.75,3.34,2.27,3.26,3.96,4.24,3.57,1.99,2.96,3.38,2.39,1.56
3317,尼克森,上櫃,半導體業,4.05,5.95,6.45,4.26,3.83,3.85,4.36,2.73,2.97,2.46,1.39,1.16,3.71,3.55,2.24,0.71,3.53,3.58,1.31,1.21,3.69,0.46,0.48,1.9,0.44,1.72,0.45,0.47,-0.25,-1.76,-0.28,0.12,0.16,0.39,0.31,0.27,0.54,0.62,0.43
3374,精材,上櫃,半導體業,9.1,8.84,5.57,7.56,10.07,4.36,11.1,18.06,15.39,3.92,4.75,6.16,12.07,-1.42,-11.11,4.18,3.21,-39.17,-3.95,1.75,-4.53,-7.68,-4.97,-5.22,-2.69,-2.75,-1.06,-1.3,-0.31,1.86,2.41,6.42,3.19,4.88,,7.86,,-0.58,
3529,力旺,上櫃,半導體業,16.35,15.91,13.4,12.14,13.52,11.52,13.53,10.14,10.17,9.93,9.87,7.92,7.99,6.87,9.72,9.23,9.33,5.53,7.82,5.87,10.54,7.09,7.56,7.13,7.58,5.83,8.72,7.3,6.49,7.46,6.19,5.82,7.67,4.93,6.44,5.65,4.79,5.09,3.36
3556,禾瑞亞,上櫃,半導體業,4.1,7.6,10.71,4.76,9.17,11.09,6.22,2.91,5.19,7.21,5.87,0.76,4.69,4.62,4.82,3.63,5.84,4.1,3.64,3.04,5.8,5.07,4.11,3.84,4.17,4.33,4.41,4.47,4.29,6.19,3.76,4.02,5.31,4.88,4.88,6.25,12.54,11.39,10.08
3675,德微,上櫃,半導體業,9.14,9.66,8.31,8.29,8.9,8.03,4.38,1.61,1.93,3.63,2.1,2.46,3.02,2.74,1.67,2.26,3.46,4.07,1.32,3.25,3.64,4.07,2.56,3.0,2.35,2.82,1.83,2.08,3.31,2.6,2.29,1.78,2.43,1.74,1.0,-0.74,-0.57,0.06,-1.39
3707,漢磊,上櫃,半導體業,5.25,4.51,4.55,3.01,2.48,1.62,-0.03,-1.91,-3.57,-2.26,-2.69,-4.48,-3.75,-2.38,-1.97,0.0,1.93,2.32,0.65,0.79,0.44,-0.02,-2.83,-2.69,-3.58,-1.96,-3.76,-9.15,-5.68,-3.07,-3.34,,,,,,,,
4966,譜瑞-KY,上櫃,半導體業,4.99,10.01,10.47,9.76,10.08,9.16,7.87,7.52,8.91,7.15,5.34,5.68,6.47,5.33,5.69,7.35,5.76,4.29,4.75,5.33,8.85,6.1,4.97,4.8,4.44,5.19,5.43,4.71,5.5,4.9,4.65,6.0,8.27,6.41,6.2,8.92,4.96,3.44,1.43
4991,環宇-KY,上櫃,半導體業,-5.41,-3.62,-3.9,-4.11,-2.6,-1.33,-2.53,-2.46,-0.94,0.17,0.07,2.94,1.71,2.52,0.4,1.67,3.19,3.38,3.22,3.23,4.94,3.15,4.76,3.55,6.15,4.52,0.99,5.06,7.75,4.1,2.83,6.22,4.34,2.54,4.12,9.78,,5.81,
5274,信驊,上櫃,半導體業,15.67,17.44,14.41,12.6,11.67,11.49,9.02,7.99,8.81,13.66,9.03,9.25,10.21,7.62,7.51,7.58,9.45,9.03,6.01,7.25,8.43,6.65,5.2,9.73,10.75,8.22,7.96,7.95,12.82,6.82,8.96,9.92,9.79,9.41,7.84,6.77,6.75,7.69,8.64
5483,中美晶,上櫃,半導體業,9.01,5.67,4.05,4.62,6.48,8.08,5.54,6.97,7.07,7.23,6.12,5.2,7.0,-1.14,7.46,2.69,5.61,5.92,4.57,3.5,3.83,2.24,-1.06,-3.32,-4.14,1.54,1.16,0.69,1.71,0.5,1.2,-0.81,2.41,2.11,2.43,-0.21,0.29,0.57,1.18
6104,創惟,上櫃,半導體業,1.23,6.86,19.05,12.75,11.26,8.99,3.16,3.05,6.79,8.46,4.78,3.5,4.83,4.06,1.82,3.07,5.45,7.7,1.64,2.98,4.38,4.22,-1.32,4.13,5.03,3.92,2.83,4.86,4.71,3.43,5.11,8.31,12.83,7.69,3.48,-11.77,-0.45,-1.97,-3.17
6129,普誠,上櫃,半導體業,1.88,1.53,1.93,2.22,2.42,2.46,1.19,1.21,-0.38,-0.66,-3.24,-0.58,0.12,-0.85,-0.41,-1.52,-1.36,-0.42,-1.49,0.08,-0.51,-0.69,-1.08,-0.28,-0.42,0.71,0.11,-0.17,-0.81,-3.84,-2.34,0.79,0.27,2.17,0.52,-0.49,-1.42,-1.53,-1.62
6182,合晶,上櫃,半導體業,5.45,4.04,4.05,3.62,3.21,2.48,1.54,0.96,2.54,1.49,0.52,0.6,3.74,2.41,3.49,4.29,7.53,4.89,3.02,1.74,1.84,1.39,0.49,-21.48,-0.96,-1.13,-1.16,-1.37,0.14,0.46,0.33,-10.96,0.36,-0.19,-1.44,-5.39,-0.6,-0.22,-3.0
6287,元隆,上櫃,半導體業,21.93,24.63,30.28,22.21,63.31,25.67,-33.22,-23.1,-13.83,-37.75,-27.88,-37.57,-20.71,-23.08,-26.93,-1.24,-0.72,-2.77,-4.74,-6.08,-8.81,-2.96,-12.52,-22.19,-51.88,-69.5,-48.92,-37.58,-19.21,-18.83,-13.01,-8.03,-11.07,-12.02,-33.8,-24.56,-11.75,-12.66,-14.38
6411,晶焱,上櫃,半導體業,2.33,4.88,4.61,8.16,6.23,3.65,5.26,5.08,4.73,3.69,3.85,4.51,4.09,7.58,3.54,6.37,5.64,9.22,4.18,7.75,6.48,6.9,3.25,10.71,4.13,4.49,3.03,6.55,5.71,1.23,1.58,3.26,5.79,3.02,0.43,5.03,5.82,7.2,
6457,紘康,上櫃,半導體業,-1.51,2.95,8.06,9.22,16.21,15.15,14.19,10.56,10.1,11.74,4.88,3.75,2.63,3.26,1.77,2.98,1.45,3.46,1.31,2.01,3.55,3.21,0.99,2.93,3.17,2.79,1.91,2.46,5.26,4.48,2.91,2.81,4.76,4.89,,,,,
6485,點序,上櫃,半導體業,4.46,6.99,7.77,11.79,13.31,9.31,4.68,2.57,0.65,-0.38,0.18,1.36,2.22,1.64,0.77,2.54,3.97,1.47,-0.03,-2.33,-2.26,-3.42,-1.21,0.1,3.93,5.64,5.06,4.33,5.91,3.54,1.99,,,,,,,,
6488,環球晶,上櫃,半導體業,10.76,5.89,3.76,4.56,6.68,8.76,6.05,7.88,8.18,8.91,7.06,6.6,7.98,8.12,8.56,8.96,9.49,9.48,7.81,6.02,5.34,5.64,2.22,-1.04,2.2,2.67,1.69,2.79,3.91,3.47,3.3,8.5,,7.77,,,,,
8040,九暘,上櫃,半導體業,7.04,2.3,1.05,6.67,1.07,3.69,-3.03,-2.25,0.84,2.45,-16.44,-3.23,12.6,3.65,4.69,-3.33,-3.43,-4.45,-0.77,2.09,0.87,0.24,-2.74,-1.68,-5.96,-0.35,-0.46,-0.84,-2.94,-3.15,-2.72,-2.37,-3.5,-3.68,-2.87,-2.31,-3.09,-1.54,-2.23
8931,大汽電,上櫃,油電燃氣業,8.72,2.5,0.51,0.06,2.8,3.47,1.86,2.33,3.59,1.46,2.45,2.35,3.16,1.41,1.33,2.04,2.85,2.65,0.37,0.93,3.83,1.75,0.4,1.14,2.38,0.84,1.29,1.5,2.1,0.38,1.43,2.58,2.66,2.13,1.25,2.19,2.48,2.14,1.02
4401,東隆興,上櫃,紡織工業,1.97,3.08,2.45,3.01,3.08,3.68,2.31,2.38,0.47,-0.52,1.07,1.02,2.49,2.47,2.21,3.12,2.31,3.44,3.01,3.54,5.28,5.77,5.21,4.74,5.87,5.6,4.91,5.28,5.91,7.48,4.45,3.66,5.53,5.21,4.7,7.95,7.7,7.62,6.15
3171,新洲,上櫃,貿易百貨,3.73,2.74,1.64,1.98,2.63,3.82,3.2,2.98,5.2,4.61,3.39,3.92,3.36,2.73,3.29,2.36,3.14,2.17,1.24,1.01,2.31,1.61,0.66,2.47,2.89,4.14,3.15,1.31,3.94,5.1,4.19,2.04,4.14,5.47,3.89,-0.97,-0.21,-1.12,7.97
5903,全家,上櫃,貿易百貨,7.91,5.82,2.79,5.95,4.94,6.35,5.45,8.07,12.56,11.72,5.2,8.41,11.13,9.83,4.1,6.64,11.1,9.85,4.19,7.03,10.87,8.98,2.12,4.75,11.42,9.92,3.24,5.78,10.58,8.26,3.66,4.45,10.69,9.65,4.51,5.23,10.25,8.78,2.73
8066,來思達,上櫃,貿易百貨,2.53,4.56,3.57,5.78,1.62,2.99,4.92,7.42,14.18,-1.29,0.93,4.85,11.44,8.71,4.08,14.88,14.91,17.48,5.35,17.2,14.7,12.57,7.0,14.81,13.64,12.63,7.55,18.66,9.63,11.59,9.24,11.53,10.33,7.13,0.6,3.4,-0.02,2.62,0.47
8433,弘帆,上櫃,貿易百貨,12.46,9.07,5.4,5.77,5.18,0.97,2.72,4.02,3.48,2.45,2.97,2.67,4.75,4.92,3.83,6.61,7.79,8.8,3.23,4.53,9.03,7.68,4.18,8.59,6.8,7.38,6.46,8.23,9.87,6.6,5.36,5.65,6.56,3.94,3.8,3.5,4.68,5.25,3.56
3078,僑威,上櫃,電子零組件業,3.59,3.37,3.14,3.75,4.14,4.19,5.55,6.99,7.02,5.51,1.93,3.23,4.5,3.5,1.38,3.16,4.4,6.2,0.97,4.51,5.95,3.57,1.96,6.35,5.54,4.19,3.21,5.95,5.12,2.17,2.4,4.11,3.52,3.22,2.8,1.76,2.5,1.48,1.84
3217,優群,上櫃,電子零組件業,5.4,4.16,4.1,4.23,6.04,3.61,3.83,5.09,6.41,7.62,5.5,6.66,8.56,5.03,2.99,3.89,6.45,4.74,2.7,3.52,6.99,3.69,1.49,4.1,5.67,2.02,1.13,0.99,3.6,0.81,1.17,2.35,3.24,2.5,1.17,1.4,1.95,2.44,1.63
3357,臺慶科,上櫃,電子零組件業,3.88,5.81,5.03,4.49,6.09,7.31,6.24,5.07,5.81,12.22,,9.7,,5.46,,7.99,,10.2,,8.63,,3.98,,6.57,,5.22,,6.97,,6.34,3.53,7.4,,6.51,,3.86,,5.53,2.75
3465,進泰電子,上櫃,電子零組件業,4.76,11.42,4.14,12.93,21.07,25.63,27.03,4.4,9.31,-3.58,-3.42,-34.98,-8.9,-6.71,-5.66,-7.59,-11.29,-10.98,-17.0,-26.63,-28.72,-18.54,-14.14,13.01,1.57,-23.84,-26.16,-5.13,-22.66,-18.71,-48.29,-7.81,-39.06,-14.44,-7.43,-10.32,-3.03,0.12,0.53
3484,崧騰,上櫃,電子零組件業,4.69,3.64,4.35,4.31,6.89,7.04,7.31,7.63,6.63,4.71,0.57,2.31,3.0,1.93,1.15,1.55,1.72,1.7,2.03,2.52,3.04,2.18,2.46,2.85,3.85,1.81,2.26,3.57,3.21,1.86,3.22,5.1,5.48,3.08,2.34,1.71,3.38,2.37,0.61
3492,長盛,上櫃,電子零組件業,4.59,3.01,1.25,-0.85,0.6,0.71,2.86,0.52,1.43,-1.17,2.03,0.2,2.66,3.49,1.45,2.21,6.85,3.8,-0.51,-0.88,1.94,6.72,5.9,5.54,5.94,2.11,5.54,2.86,8.15,4.46,1.75,1.58,5.24,4.04,,-4.6,,11.85,
3526,凡甲,上櫃,電子零組件業,7.69,4.76,5.86,7.04,6.5,8.25,5.61,5.38,7.25,10.47,2.74,8.41,10.46,5.29,3.08,7.64,8.93,5.96,1.65,4.51,3.7,4.29,1.84,9.19,9.45,4.5,4.7,4.78,3.32,-1.84,1.0,2.69,4.99,1.17,-1.94,-1.42,-0.67,0.09,2.19
3548,兆利,上櫃,電子零組件業,3.75,2.0,3.83,3.78,0.47,0.33,1.52,1.53,2.98,2.81,0.41,2.4,4.04,3.3,2.34,2.88,3.9,3.9,1.61,1.77,2.54,2.64,2.61,1.8,4.32,4.94,2.19,2.45,4.48,0.06,0.65,1.14,1.09,2.04,2.67,2.76,2.34,-0.14,1.34
3597,映興,上櫃,電子零組件業,7.38,3.64,1.06,3.15,4.67,4.11,2.84,2.36,3.87,2.72,0.57,1.94,1.81,4.23,,4.14,,7.12,,3.16,,-2.69,,1.86,,0.67,,5.78,,0.18,,3.81,,0.48,,0.74,,1.29,
3624,光頡,上櫃,電子零組件業,4.58,5.57,5.98,5.2,4.61,4.08,3.18,2.07,1.5,2.5,0.66,-1.13,0.59,2.07,4.03,1.58,4.11,3.72,2.13,0.93,1.75,2.03,-0.82,0.86,0.03,1.83,0.72,0.37,3.36,1.43,0.93,2.33,2.71,0.46,0.7,2.14,1.68,2.4,2.75
3646,艾恩特,上櫃,電子零組件業,6.12,5.57,3.32,3.53,7.55,3.47,2.79,0.83,4.29,4.98,0.22,5.97,3.75,1.81,-1.71,1.34,4.35,4.37,0.23,3.94,1.34,-0.49,1.61,2.01,2.81,3.66,0.52,-0.98,4.52,-1.09,-1.35,-2.9,-0.72,-0.01,-1.27,-0.63,2.64,0.18,1.15
5227,立凱-KY,上櫃,電子零組件業,-14.65,-12.78,-22.19,-20.28,-2.13,-40.86,-12.11,-13.69,-26.45,-10.07,-6.76,-7.15,-6.48,-13.91,-6.73,-15.95,-17.38,-13.19,-5.62,-3.68,0.87,-1.99,-1.76,-0.77,2.96,-1.02,-3.98,-3.82,-3.49,-6.87,-6.28,-5.73,-7.81,-9.88,-5.24,-6.29,-5.24,-7.49,-4.48
5291,邑昇,上櫃,電子零組件業,5.48,6.12,4.87,3.97,4.94,5.74,3.7,2.32,1.73,3.15,1.63,1.1,3.9,2.69,2.19,1.4,2.75,2.13,-0.24,-4.01,-0.27,1.74,-1.43,-1.23,-0.6,-0.06,0.03,-1.17,2.49,0.23,0.12,-0.41,4.5,4.66,6.91,8.66,,9.78,
5439,高技,上櫃,電子零組件業,4.27,4.22,4.37,4.16,4.7,6.05,5.37,4.62,3.74,5.07,4.72,2.92,3.22,3.9,3.42,4.68,4.8,5.42,3.57,2.63,3.7,4.16,3.07,4.12,2.9,5.1,3.8,1.61,3.94,2.04,2.82,3.29,3.59,3.49,2.93,1.27,3.05,2.28,1.88
5498,凱崴,上櫃,電子零組件業,-0.44,-1.69,-0.95,-0.59,1.07,1.09,0.38,1.33,2.02,0.81,0.39,1.61,2.78,0.09,-0.12,-0.68,1.87,0.76,0.32,2.61,0.44,0.28,-1.1,2.27,0.23,0.1,-0.07,0.15,-0.24,-0.08,0.36,0.65,0.34,0.18,0.17,0.79,-0.6,0.35,0.1
6126,信音,上櫃,電子零組件業,4.07,4.42,3.75,4.53,5.12,3.87,3.61,4.42,4.89,7.06,2.12,3.23,4.25,2.52,1.59,1.98,2.3,3.31,-2.87,1.1,4.23,3.21,3.01,4.06,4.06,1.06,0.23,-20.61,-0.64,-4.48,-2.22,-1.55,0.07,0.11,-0.91,-3.65,0.35,4.12,-0.86
6203,海韻電,上櫃,電子零組件業,5.73,3.78,5.31,4.24,7.25,9.02,10.5,8.77,10.02,7.23,6.37,3.11,5.35,5.27,4.02,3.0,4.95,10.44,1.34,2.98,3.34,2.4,-1.15,4.14,2.84,3.43,3.35,3.59,6.9,1.26,2.06,3.66,5.51,7.12,7.34,4.89,5.7,5.44,4.21
6208,日揚,上櫃,電子零組件業,4.55,5.14,4.42,1.93,5.16,5.12,3.32,3.43,3.1,5.64,3.12,2.71,3.42,3.73,3.2,2.88,2.65,2.98,2.6,2.5,3.44,3.42,1.52,1.33,2.36,1.57,2.25,0.14,1.51,0.79,2.17,1.55,2.51,0.81,2.05,1.8,2.66,1.51,0.07
6259,百徽,上櫃,電子零組件業,2.44,3.48,2.61,2.12,-0.11,-1.82,0.4,5.4,-1.5,-0.23,0.25,3.37,-3.12,46.59,0.83,-0.09,-5.13,-3.64,-7.23,-7.29,-19.61,-2.97,-14.94,-4.52,-11.21,-10.54,-105.42,-5.11,-4.99,-7.91,-3.78,-1.22,-5.81,-2.86,-2.95,-2.1,-4.06,0.08,-2.94
6275,元山,上櫃,電子零組件業,4.54,5.92,3.67,3.94,4.44,4.77,4.87,4.36,4.59,3.13,1.8,1.31,1.04,1.41,1.77,2.61,0.95,1.29,-8.43,0.41,1.69,4.79,0.74,0.56,1.9,3.77,1.54,-1.08,1.12,1.32,0.19,0.53,0.97,3.92,-0.91,1.25,-1.65,0.83,1.31
6292,迅德,上櫃,電子零組件業,7.81,-4.66,7.12,4.65,3.25,9.63,6.04,4.17,5.78,10.2,-3.77,2.52,5.31,4.8,8.4,-2.61,6.96,5.32,0.28,3.36,4.24,3.6,2.03,5.17,5.08,3.66,2.9,1.29,2.26,3.8,2.76,7.46,2.45,4.45,2.22,2.94,4.1,2.86,3.62
6538,倉和,上櫃,電子零組件業,2.89,2.42,2.9,2.14,2.09,1.8,3.36,4.24,7.67,6.46,9.31,8.43,6.56,3.62,3.24,4.22,0.47,-1.74,-2.57,-1.5,-0.8,-0.17,0.23,2.68,0.74,2.78,4.36,12.61,,8.26,,,,,,,,,
8121,越峰,上櫃,電子零組件業,0.06,0.1,0.91,1.26,1.93,1.1,0.5,0.12,0.42,2.01,-0.48,-3.78,-0.42,-0.04,-2.37,-5.13,0.75,12.59,-1.71,-3.97,-0.75,1.55,-3.95,-16.11,-3.84,-2.58,-4.61,-6.34,-3.99,-3.2,-2.11,-0.74,-1.0,-0.72,-1.07,-0.34,-1.82,-1.66,-1.35
8155,博智,上櫃,電子零組件業,5.67,9.16,8.59,7.27,4.8,4.05,4.72,5.06,6.54,10.35,8.9,5.99,4.73,3.68,0.43,2.43,5.17,9.02,6.69,7.09,6.87,5.2,2.63,3.6,2.48,3.36,2.81,2.67,1.32,0.04,2.94,3.47,1.61,3.26,3.74,3.81,1.97,1.67,2.37
8182,加高,上櫃,電子零組件業,2.94,3.17,3.3,4.2,4.73,4.21,2.66,1.94,2.23,1.94,1.51,1.14,1.5,1.13,1.12,1.3,2.45,2.02,0.18,0.72,1.74,2.05,0.86,1.98,0.93,0.08,0.72,1.13,1.8,0.28,0.7,1.04,2.22,0.69,1.31,1.3,0.77,0.59,0.76
1580,新麥,上櫃,電機機械,3.91,4.86,2.38,8.11,5.57,5.1,3.27,5.92,5.89,3.07,1.4,6.99,7.93,5.88,3.48,7.95,6.95,7.1,2.4,7.84,10.29,7.73,3.72,9.15,10.23,8.62,3.12,9.25,8.46,5.86,4.42,10.6,10.69,9.57,3.69,11.2,13.0,8.69,4.44
1599,宏佳騰,上櫃,電機機械,4.69,3.43,3.72,3.68,6.49,4.0,4.36,3.61,7.58,2.05,0.76,1.07,2.5,2.0,3.38,3.87,10.68,1.37,-0.79,4.86,3.11,1.13,1.54,3.35,9.54,1.58,3.92,9.87,10.57,5.79,-0.25,4.16,3.11,-0.42,-0.76,3.14,6.84,3.1,-2.26
2235,謚源,上櫃,電機機械,6.95,3.92,3.65,0.92,1.62,0.6,0.9,1.15,1.95,0.82,1.74,0.7,2.67,2.66,2.52,2.14,2.6,2.15,1.68,1.08,3.06,4.14,2.98,5.12,4.87,4.51,4.16,4.52,6.67,4.66,4.85,5.68,5.56,5.71,,10.57,,8.56,
3426,台興,上櫃,電機機械,2.96,4.05,1.89,2.99,3.55,2.25,1.45,1.81,3.1,2.35,1.87,0.71,3.76,2.78,1.64,2.43,4.5,5.51,3.11,3.64,5.86,5.25,3.64,5.92,5.79,0.0,1.5,5.81,,7.57,,,,,,,,,
4510,高鋒,上櫃,電機機械,1.77,0.63,0.63,-0.34,1.25,-0.77,-1.79,-0.86,1.3,0.32,-1.36,-1.49,0.47,-0.23,-0.06,-0.1,4.35,0.87,0.07,-0.51,2.83,0.91,-0.3,0.28,1.39,1.53,0.03,-0.61,3.17,1.29,2.33,3.37,2.48,1.12,3.96,2.4,3.55,3.63,1.02
4535,至興,上櫃,電機機械,2.95,3.04,3.16,2.05,2.03,2.39,3.61,2.33,1.55,0.55,1.5,0.46,1.94,1.22,1.21,-0.22,1.54,2.63,2.09,2.26,3.14,2.68,2.65,3.08,3.03,2.56,2.99,2.75,3.73,2.62,2.27,2.4,2.3,2.29,3.27,2.56,2.22,2.76,2.5
4538,大詠城,上櫃,電機機械,4.03,2.98,0.67,1.56,1.81,1.11,1.17,1.85,0.1,1.01,0.63,1.56,1.6,2.22,1.56,3.7,4.79,5.71,,5.45,,5.47,,3.52,,3.37,,1.77,,2.83,,2.66,,3.2,,3.03,,1.3,
4549,桓達,上櫃,電機機械,6.07,6.36,3.9,4.18,6.07,4.93,3.43,4.46,6.03,4.9,1.77,3.44,4.25,4.59,3.74,4.44,4.33,4.38,3.27,4.09,4.1,5.36,2.11,5.14,2.58,2.18,3.9,2.51,3.18,3.21,2.13,5.24,5.78,7.6,4.03,,,,
4558,寶緯,上櫃,電機機械,-1.0,0.19,5.74,7.79,8.07,13.71,,15.38,,0.7,,1.69,,1.93,,5.41,,1.4,,4.55,,6.16,,5.69,,8.24,,7.35,,1.19,,3.79,,6.52,,,,,
8027,鈦昇,上櫃,電機機械,3.54,6.74,4.8,1.74,2.79,3.58,5.56,4.62,4.13,5.04,-1.69,-5.87,-1.88,3.2,-3.0,4.34,0.19,2.87,0.5,-4.05,-2.85,-0.7,-2.0,-5.35,-2.63,-1.99,-6.58,-1.78,1.08,-0.89,2.04,4.56,11.41,1.72,,,,,
9951,皇田,上櫃,電機機械,4.21,1.82,2.83,2.88,2.24,3.91,4.39,7.13,5.42,2.66,2.67,5.82,4.59,4.82,5.28,7.21,4.33,3.75,7.22,7.4,6.87,7.3,6.62,10.11,7.75,8.43,8.6,9.36,11.09,9.69,5.36,10.69,5.5,8.29,10.7,10.55,10.3,9.78,7.98
3483,力致,上櫃,電腦及週邊設備業,4.72,4.57,4.2,5.26,3.66,3.41,1.86,1.41,3.94,6.75,0.25,2.86,5.26,1.8,-1.03,1.56,3.41,0.43,-3.02,1.74,1.21,-1.42,-1.19,3.81,1.48,1.4,-0.5,2.17,0.36,-3.78,-0.58,0.91,-1.08,0.07,0.17,0.25,-0.32,-1.39,-1.99
5356,協益,上櫃,電腦及週邊設備業,0.53,-0.64,-0.81,-0.55,-0.25,-0.01,0.11,1.82,1.97,1.42,0.19,1.31,1.81,1.47,0.45,0.95,1.4,1.01,0.01,1.06,2.61,3.1,2.5,2.59,2.56,2.97,2.52,3.11,3.64,1.15,2.55,1.75,21.38,4.36,3.89,2.81,3.93,7.02,5.07
6276,安鈦克,上櫃,電腦及週邊設備業,0.83,0.11,-2.7,-1.56,-3.37,1.38,11.6,9.17,7.93,6.64,5.05,2.39,1.96,3.14,0.38,-0.26,0.05,2.54,-1.9,-5.67,1.04,-0.22,-3.83,1.64,-2.76,-12.41,-5.72,-13.15,-6.27,-5.9,-1.9,1.68,1.07,1.46,3.68,1.09,-0.62,4.41,3.17
1264,德麥,上櫃,食品工業,5.48,5.39,5.62,6.63,5.66,5.0,5.94,5.94,6.89,4.7,4.13,5.35,5.28,5.31,4.61,5.04,5.84,5.14,4.37,5.37,5.47,5.03,5.26,6.28,5.71,5.15,5.2,5.35,4.7,5.13,6.65,8.27,5.6,10.94,,12.45,,12.47,
4205,中華食,上櫃,食品工業,5.35,4.25,4.44,5.85,5.02,4.19,4.29,5.12,6.68,5.17,5.05,5.06,5.98,4.95,3.54,3.94,4.77,4.3,4.11,5.72,4.92,4.46,4.24,4.51,5.16,4.37,3.97,3.85,4.99,3.74,2.94,2.99,3.81,2.66,2.68,2.91,2.97,3.54,2.59
